"TOA5py","26458","CR6","26458","CR6.14.5.0","CPU:double_polled_1.05.CR6","19292","Slow","2026-03-25 23:00:00","1 SEC","24","3960","18511","Sec100Usec","           0","           0","1631925832"
"TIMESTAMP","RECORD","AirTC1","RH1","AirTC2","RH2"
"TS","RN","Deg C","%","Deg C","%"
" "," ","Smp","Smp","Smp","Smp"
"2026-03-25 23:00:01",1091965,11.86,63.57,11.78,63.61
"2026-03-25 23:00:02",1091966,11.89,63.55,11.79,63.66
"2026-03-25 23:00:03",1091967,11.89,63.52,11.79,63.58
"2026-03-25 23:00:04",1091968,11.85,63.51,11.79,63.65
"2026-03-25 23:00:05",1091969,11.83,63.52,11.76,63.65
"2026-03-25 23:00:06",1091970,11.79,63.54,11.77,63.65
"2026-03-25 23:00:07",1091971,11.86,63.56,11.74,63.65
"2026-03-25 23:00:08",1091972,11.85,63.59,11.77,63.67
"2026-03-25 23:00:09",1091973,11.86,63.6,11.77,63.66
"2026-03-25 23:00:10",1091974,11.89,63.56,11.79,63.67
"2026-03-25 23:00:11",1091975,11.88,63.61,11.79,63.66
"2026-03-25 23:00:12",1091976,11.87,63.57,11.8,63.64
"2026-03-25 23:00:13",1091977,11.85,63.61,11.76,63.7
"2026-03-25 23:00:14",1091978,11.88,63.59,11.79,63.66
"2026-03-25 23:00:15",1091979,11.85,63.61,11.82,63.66
"2026-03-25 23:00:16",1091980,11.86,63.6,11.78,63.72
"2026-03-25 23:00:17",1091981,11.9,63.59,11.75,63.7
"2026-03-25 23:00:18",1091982,11.85,63.61,11.74,63.71
"2026-03-25 23:00:19",1091983,11.89,63.6,11.79,63.71
"2026-03-25 23:00:20",1091984,11.91,63.65,11.76,63.75
"2026-03-25 23:00:21",1091985,11.82,63.67,11.77,63.72
"2026-03-25 23:00:22",1091986,11.85,63.67,11.8,63.74
"2026-03-25 23:00:23",1091987,11.83,63.6,11.8,63.67
"2026-03-25 23:00:24",1091988,11.86,63.69,11.8,63.76
"2026-03-25 23:00:25",1091989,11.84,63.65,11.72,63.7
"2026-03-25 23:00:26",1091990,11.87,63.72,11.8,63.74
"2026-03-25 23:00:27",1091991,11.78,63.63,11.76,63.73
"2026-03-25 23:00:28",1091992,11.87,63.67,11.72,63.73
"2026-03-25 23:00:29",1091993,11.89,63.64,11.71,63.73
"2026-03-25 23:00:30",1091994,11.85,63.71,11.78,63.74
"2026-03-25 23:00:31",1091995,11.88,63.61,11.79,63.73
"2026-03-25 23:00:32",1091996,11.83,63.67,11.79,63.78
"2026-03-25 23:00:33",1091997,11.82,63.67,11.72,63.72
"2026-03-25 23:00:34",1091998,11.89,63.66,11.8,63.77
"2026-03-25 23:00:35",1091999,11.84,63.6,11.77,63.76
"2026-03-25 23:00:36",1092000,11.86,63.66,11.77,63.76
"2026-03-25 23:00:37",1092001,11.81,63.59,11.75,63.75
"2026-03-25 23:00:38",1092002,11.87,63.62,11.73,63.77
"2026-03-25 23:00:39",1092003,11.88,63.58,11.79,63.75
"2026-03-25 23:00:40",1092004,11.9,63.61,11.78,63.76
"2026-03-25 23:00:41",1092005,11.86,63.61,11.71,63.71
"2026-03-25 23:00:42",1092006,11.87,63.63,11.82,63.71
"2026-03-25 23:00:43",1092007,11.83,63.58,11.76,63.71
"2026-03-25 23:00:44",1092008,11.88,63.61,11.77,63.73
"2026-03-25 23:00:45",1092009,11.87,63.6,11.77,63.65
"2026-03-25 23:00:46",1092010,11.84,63.59,11.8,63.66
"2026-03-25 23:00:47",1092011,11.86,63.57,11.76,63.7
"2026-03-25 23:00:48",1092012,11.87,63.58,11.75,63.72
"2026-03-25 23:00:49",1092013,11.85,63.54,11.73,63.74
"2026-03-25 23:00:50",1092014,11.85,63.53,11.79,63.69
"2026-03-25 23:00:51",1092015,11.86,63.49,11.77,63.64
"2026-03-25 23:00:52",1092016,11.9,63.55,11.75,63.67
"2026-03-25 23:00:53",1092017,11.86,63.48,11.75,63.65
"2026-03-25 23:00:54",1092018,11.84,63.51,11.77,63.65
"2026-03-25 23:00:55",1092019,11.87,63.46,11.74,63.63
"2026-03-25 23:00:56",1092020,11.88,63.45,11.74,63.65
"2026-03-25 23:00:57",1092021,11.88,63.5,11.77,63.67
"2026-03-25 23:00:58",1092022,11.86,63.46,11.79,63.6
"2026-03-25 23:00:59",1092023,11.92,63.37,11.72,63.6
"2026-03-25 23:01:00",1092024,11.9,63.38,11.73,63.57
"2026-03-25 23:01:01",1092025,11.9,63.38,11.79,63.58
"2026-03-25 23:01:02",1092026,11.84,63.42,11.78,63.62
"2026-03-25 23:01:03",1092027,11.9,63.37,11.81,63.53
"2026-03-25 23:01:04",1092028,11.9,63.38,11.78,63.61
"2026-03-25 23:01:05",1092029,11.9,63.38,11.78,63.61
"2026-03-25 23:01:06",1092030,11.86,63.42,11.75,63.49
"2026-03-25 23:01:07",1092031,11.88,63.37,11.81,63.57
"2026-03-25 23:01:08",1092032,11.91,63.33,11.8,63.51
"2026-03-25 23:01:09",1092033,11.88,63.4,11.83,63.55
"2026-03-25 23:01:10",1092034,11.86,63.39,11.85,63.53
"2026-03-25 23:01:11",1092035,11.91,63.39,11.83,63.51
"2026-03-25 23:01:12",1092036,11.92,63.29,11.82,63.52
"2026-03-25 23:01:13",1092037,11.92,63.36,11.74,63.5
"2026-03-25 23:01:14",1092038,11.9,63.3,11.76,63.48
"2026-03-25 23:01:15",1092039,11.93,63.36,11.83,63.48
"2026-03-25 23:01:16",1092040,11.87,63.34,11.81,63.47
"2026-03-25 23:01:17",1092041,11.86,63.31,11.83,63.44
"2026-03-25 23:01:18",1092042,11.88,63.28,11.77,63.46
"2026-03-25 23:01:19",1092043,11.86,63.2,11.78,63.46
"2026-03-25 23:01:20",1092044,11.91,63.25,11.77,63.44
"2026-03-25 23:01:21",1092045,11.96,63.23,11.83,63.48
"2026-03-25 23:01:22",1092046,11.89,63.26,11.83,63.41
"2026-03-25 23:01:23",1092047,11.88,63.22,11.81,63.4
"2026-03-25 23:01:24",1092048,11.91,63.26,11.78,63.46
"2026-03-25 23:01:25",1092049,11.88,63.22,11.87,63.46
"2026-03-25 23:01:26",1092050,11.87,63.26,11.87,63.41
"2026-03-25 23:01:27",1092051,11.87,63.18,11.84,63.4
"2026-03-25 23:01:28",1092052,11.93,63.24,11.86,63.37
"2026-03-25 23:01:29",1092053,11.94,63.25,11.81,63.4
"2026-03-25 23:01:30",1092054,11.91,63.21,11.81,63.39
"2026-03-25 23:01:31",1092055,11.87,63.19,11.79,63.4
"2026-03-25 23:01:32",1092056,11.9,63.23,11.82,63.39
"2026-03-25 23:01:33",1092057,11.9,63.21,11.84,63.42
"2026-03-25 23:01:34",1092058,11.92,63.15,11.83,63.41
"2026-03-25 23:01:35",1092059,11.92,63.15,11.83,63.41
"2026-03-25 23:01:36",1092060,11.88,63.16,11.84,63.38
"2026-03-25 23:01:37",1092061,11.92,63.19,11.83,63.36
"2026-03-25 23:01:38",1092062,11.93,63.18,11.84,63.37
"2026-03-25 23:01:39",1092063,11.95,63.21,11.84,63.34
"2026-03-25 23:01:40",1092064,11.98,63.16,11.82,63.34
"2026-03-25 23:01:41",1092065,11.89,63.21,11.81,63.36
"2026-03-25 23:01:42",1092066,11.89,63.17,11.84,63.36
"2026-03-25 23:01:43",1092067,11.87,63.18,11.83,63.36
"2026-03-25 23:01:44",1092068,11.88,63.15,11.84,63.37
"2026-03-25 23:01:45",1092069,11.9,63.17,11.87,63.33
"2026-03-25 23:01:46",1092070,11.93,63.16,11.83,63.37
"2026-03-25 23:01:47",1092071,11.92,63.16,11.81,63.34
"2026-03-25 23:01:48",1092072,11.86,63.17,11.85,63.34
"2026-03-25 23:01:49",1092073,11.93,63.17,11.8,63.34
"2026-03-25 23:01:50",1092074,11.89,63.17,11.89,63.33
"2026-03-25 23:01:51",1092075,11.88,63.2,11.85,63.35
"2026-03-25 23:01:52",1092076,11.92,63.18,11.89,63.34
"2026-03-25 23:01:53",1092077,11.9,63.16,11.85,63.37
"2026-03-25 23:01:54",1092078,11.9,63.16,11.85,63.37
"2026-03-25 23:01:55",1092079,11.96,63.18,11.78,63.36
"2026-03-25 23:01:56",1092080,11.9,63.17,11.84,63.31
"2026-03-25 23:01:57",1092081,11.89,63.1,11.84,63.33
"2026-03-25 23:01:58",1092082,11.84,63.17,11.86,63.36
"2026-03-25 23:01:59",1092083,11.88,63.15,11.86,63.35
"2026-03-25 23:02:00",1092084,11.88,63.15,11.86,63.35
"2026-03-25 23:02:01",1092085,11.9,63.16,11.85,63.35
"2026-03-25 23:02:02",1092086,11.88,63.17,11.82,63.3
"2026-03-25 23:02:03",1092087,11.9,63.11,11.81,63.32
"2026-03-25 23:02:04",1092088,11.9,63.18,11.84,63.36
"2026-03-25 23:02:05",1092089,11.91,63.14,11.84,63.34
"2026-03-25 23:02:06",1092090,11.85,63.17,11.87,63.31
"2026-03-25 23:02:07",1092091,11.88,63.17,11.86,63.34
"2026-03-25 23:02:08",1092092,11.92,63.17,11.87,63.35
"2026-03-25 23:02:09",1092093,11.94,63.18,11.84,63.35
"2026-03-25 23:02:10",1092094,11.9,63.17,11.82,63.35
"2026-03-25 23:02:11",1092095,11.93,63.15,11.81,63.36
"2026-03-25 23:02:12",1092096,11.92,63.17,11.84,63.35
"2026-03-25 23:02:13",1092097,11.92,63.14,11.85,63.39
"2026-03-25 23:02:14",1092098,11.88,63.19,11.87,63.39
"2026-03-25 23:02:15",1092099,11.92,63.15,11.84,63.42
"2026-03-25 23:02:16",1092100,11.85,63.2,11.82,63.4
"2026-03-25 23:02:17",1092101,11.94,63.2,11.86,63.41
"2026-03-25 23:02:18",1092102,11.93,63.27,11.83,63.39
"2026-03-25 23:02:19",1092103,11.94,63.3,11.8,63.38
"2026-03-25 23:02:20",1092104,11.93,63.25,11.81,63.41
"2026-03-25 23:02:21",1092105,11.92,63.29,11.83,63.46
"2026-03-25 23:02:22",1092106,11.9,63.2,11.81,63.37
"2026-03-25 23:02:23",1092107,11.9,63.22,11.83,63.42
"2026-03-25 23:02:24",1092108,11.9,63.22,11.83,63.42
"2026-03-25 23:02:25",1092109,11.85,63.19,11.81,63.42
"2026-03-25 23:02:26",1092110,11.94,63.24,11.82,63.43
"2026-03-25 23:02:27",1092111,11.92,63.23,11.82,63.36
"2026-03-25 23:02:28",1092112,11.91,63.22,11.83,63.36
"2026-03-25 23:02:29",1092113,11.87,63.21,11.82,63.39
"2026-03-25 23:02:30",1092114,11.9,63.31,11.85,63.41
"2026-03-25 23:02:31",1092115,11.89,63.25,11.85,63.42
"2026-03-25 23:02:32",1092116,11.87,63.28,11.84,63.42
"2026-03-25 23:02:33",1092117,11.89,63.21,11.83,63.45
"2026-03-25 23:02:34",1092118,11.91,63.28,11.82,63.49
"2026-03-25 23:02:35",1092119,11.9,63.34,11.82,63.41
"2026-03-25 23:02:36",1092120,11.91,63.35,11.79,63.41
"2026-03-25 23:02:37",1092121,11.87,63.26,11.8,63.44
"2026-03-25 23:02:38",1092122,11.91,63.3,11.81,63.43
"2026-03-25 23:02:39",1092123,11.89,63.31,11.86,63.42
"2026-03-25 23:02:40",1092124,11.89,63.26,11.79,63.46
"2026-03-25 23:02:41",1092125,11.88,63.33,11.78,63.46
"2026-03-25 23:02:42",1092126,11.89,63.29,11.8,63.45
"2026-03-25 23:02:43",1092127,11.88,63.3,11.79,63.38
"2026-03-25 23:02:44",1092128,11.89,63.29,11.83,63.4
"2026-03-25 23:02:45",1092129,11.86,63.28,11.81,63.43
"2026-03-25 23:02:46",1092130,11.9,63.29,11.83,63.46
"2026-03-25 23:02:47",1092131,11.87,63.33,11.86,63.44
"2026-03-25 23:02:48",1092132,11.87,63.3,11.85,63.39
"2026-03-25 23:02:49",1092133,11.92,63.34,11.85,63.44
"2026-03-25 23:02:50",1092134,11.96,63.25,11.82,63.39
"2026-03-25 23:02:51",1092135,11.91,63.3,11.82,63.37
"2026-03-25 23:02:52",1092136,11.91,63.3,11.82,63.37
"2026-03-25 23:02:53",1092137,11.9,63.29,11.82,63.39
"2026-03-25 23:02:54",1092138,11.87,63.22,11.82,63.4
"2026-03-25 23:02:55",1092139,11.88,63.21,11.81,63.37
"2026-03-25 23:02:56",1092140,11.89,63.24,11.78,63.39
"2026-03-25 23:02:57",1092141,11.9,63.3,11.8,63.4
"2026-03-25 23:02:58",1092142,11.92,63.26,11.82,63.38
"2026-03-25 23:02:59",1092143,11.91,63.22,11.84,63.35
"2026-03-25 23:03:00",1092144,11.91,63.22,11.84,63.35
"2026-03-25 23:03:01",1092145,11.91,63.22,11.85,63.33
"2026-03-25 23:03:02",1092146,11.86,63.22,11.83,63.37
"2026-03-25 23:03:03",1092147,11.91,63.27,11.86,63.36
"2026-03-25 23:03:04",1092148,11.89,63.26,11.84,63.36
"2026-03-25 23:03:05",1092149,11.9,63.33,11.84,63.38
"2026-03-25 23:03:06",1092150,11.9,63.23,11.83,63.35
"2026-03-25 23:03:07",1092151,11.92,63.28,11.82,63.36
"2026-03-25 23:03:08",1092152,11.91,63.21,11.81,63.37
"2026-03-25 23:03:09",1092153,11.89,63.21,11.8,63.34
"2026-03-25 23:03:10",1092154,11.89,63.24,11.82,63.35
"2026-03-25 23:03:11",1092155,11.88,63.26,11.86,63.33
"2026-03-25 23:03:12",1092156,11.92,63.19,11.82,63.34
"2026-03-25 23:03:13",1092157,11.91,63.19,11.86,63.32
"2026-03-25 23:03:14",1092158,11.91,63.21,11.82,63.32
"2026-03-25 23:03:15",1092159,11.92,63.19,11.84,63.28
"2026-03-25 23:03:16",1092160,11.93,63.18,11.84,63.27
"2026-03-25 23:03:17",1092161,11.92,63.18,11.83,63.34
"2026-03-25 23:03:18",1092162,11.94,63.2,11.84,63.34
"2026-03-25 23:03:19",1092163,11.9,63.16,11.81,63.35
"2026-03-25 23:03:20",1092164,11.91,63.18,11.84,63.36
"2026-03-25 23:03:21",1092165,11.87,63.21,11.85,63.34
"2026-03-25 23:03:22",1092166,11.87,63.21,11.85,63.34
"2026-03-25 23:03:23",1092167,11.94,63.19,11.82,63.38
"2026-03-25 23:03:24",1092168,11.92,63.2,11.86,63.3
"2026-03-25 23:03:25",1092169,11.9,63.2,11.84,63.28
"2026-03-25 23:03:26",1092170,11.86,63.15,11.84,63.28
"2026-03-25 23:03:27",1092171,11.9,63.27,11.85,63.34
"2026-03-25 23:03:28",1092172,11.92,63.27,11.88,63.3
"2026-03-25 23:03:29",1092173,11.89,63.15,11.89,63.31
"2026-03-25 23:03:30",1092174,11.9,63.27,11.89,63.29
"2026-03-25 23:03:31",1092175,11.9,63.24,11.87,63.35
"2026-03-25 23:03:32",1092176,11.92,63.23,11.83,63.26
"2026-03-25 23:03:33",1092177,11.89,63.2,11.85,63.32
"2026-03-25 23:03:34",1092178,11.86,63.19,11.77,63.29
"2026-03-25 23:03:35",1092179,11.92,63.23,11.85,63.33
"2026-03-25 23:03:36",1092180,11.92,63.23,11.85,63.36
"2026-03-25 23:03:37",1092181,11.93,63.22,11.82,63.34
"2026-03-25 23:03:38",1092182,11.92,63.28,11.84,63.32
"2026-03-25 23:03:39",1092183,11.92,63.24,11.87,63.37
"2026-03-25 23:03:40",1092184,11.91,63.27,11.84,63.34
"2026-03-25 23:03:41",1092185,11.89,63.21,11.82,63.3
"2026-03-25 23:03:42",1092186,11.86,63.22,11.78,63.26
"2026-03-25 23:03:43",1092187,11.92,63.2,11.85,63.35
"2026-03-25 23:03:44",1092188,11.9,63.18,11.86,63.32
"2026-03-25 23:03:45",1092189,11.89,63.2,11.84,63.29
"2026-03-25 23:03:46",1092190,11.91,63.23,11.85,63.28
"2026-03-25 23:03:47",1092191,11.89,63.24,11.82,63.36
"2026-03-25 23:03:48",1092192,11.89,63.26,11.84,63.33
"2026-03-25 23:03:49",1092193,11.86,63.28,11.84,63.32
"2026-03-25 23:03:50",1092194,11.88,63.27,11.79,63.3
"2026-03-25 23:03:51",1092195,11.92,63.22,11.87,63.36
"2026-03-25 23:03:52",1092196,11.92,63.22,11.87,63.36
"2026-03-25 23:03:53",1092197,11.91,63.26,11.86,63.32
"2026-03-25 23:03:54",1092198,11.92,63.23,11.83,63.29
"2026-03-25 23:03:55",1092199,11.92,63.25,11.85,63.37
"2026-03-25 23:03:56",1092200,11.93,63.21,11.86,63.33
"2026-03-25 23:03:57",1092201,11.92,63.23,11.8,63.37
"2026-03-25 23:03:58",1092202,11.9,63.24,11.77,63.35
"2026-03-25 23:03:59",1092203,11.93,63.2,11.79,63.41
"2026-03-25 23:04:00",1092204,11.88,63.22,11.85,63.4
"2026-03-25 23:04:01",1092205,11.91,63.24,11.86,63.41
"2026-03-25 23:04:02",1092206,11.88,63.23,11.79,63.38
"2026-03-25 23:04:03",1092207,11.95,63.24,11.83,63.41
"2026-03-25 23:04:04",1092208,11.92,63.24,11.84,63.35
"2026-03-25 23:04:05",1092209,11.92,63.31,11.82,63.37
"2026-03-25 23:04:06",1092210,11.89,63.25,11.8,63.35
"2026-03-25 23:04:07",1092211,11.93,63.22,11.81,63.39
"2026-03-25 23:04:08",1092212,11.91,63.24,11.81,63.42
"2026-03-25 23:04:09",1092213,11.9,63.28,11.83,63.41
"2026-03-25 23:04:10",1092214,11.91,63.21,11.8,63.3
"2026-03-25 23:04:11",1092215,11.96,63.26,11.83,63.34
"2026-03-25 23:04:12",1092216,11.9,63.23,11.79,63.36
"2026-03-25 23:04:13",1092217,11.97,63.22,11.78,63.35
"2026-03-25 23:04:14",1092218,11.91,63.2,11.81,63.33
"2026-03-25 23:04:15",1092219,11.88,63.23,11.85,63.34
"2026-03-25 23:04:16",1092220,11.88,63.23,11.82,63.41
"2026-03-25 23:04:17",1092221,11.88,63.21,11.85,63.36
"2026-03-25 23:04:18",1092222,11.88,63.24,11.81,63.34
"2026-03-25 23:04:19",1092223,11.91,63.22,11.83,63.41
"2026-03-25 23:04:20",1092224,11.92,63.23,11.81,63.36
"2026-03-25 23:04:21",1092225,11.9,63.24,11.79,63.39
"2026-03-25 23:04:22",1092226,11.87,63.27,11.83,63.34
"2026-03-25 23:04:23",1092227,11.89,63.25,11.84,63.42
"2026-03-25 23:04:24",1092228,11.91,63.27,11.82,63.35
"2026-03-25 23:04:25",1092229,11.92,63.17,11.87,63.33
"2026-03-25 23:04:26",1092230,11.91,63.2,11.82,63.29
"2026-03-25 23:04:27",1092231,11.9,63.19,11.87,63.33
"2026-03-25 23:04:28",1092232,11.91,63.24,11.84,63.35
"2026-03-25 23:04:29",1092233,11.9,63.22,11.84,63.32
"2026-03-25 23:04:30",1092234,11.91,63.16,11.86,63.35
"2026-03-25 23:04:31",1092235,11.89,63.14,11.84,63.36
"2026-03-25 23:04:32",1092236,11.88,63.23,11.84,63.34
"2026-03-25 23:04:33",1092237,11.92,63.16,11.78,63.34
"2026-03-25 23:04:34",1092238,11.9,63.22,11.78,63.3
"2026-03-25 23:04:35",1092239,11.87,63.23,11.82,63.33
"2026-03-25 23:04:36",1092240,11.91,63.18,11.82,63.31
"2026-03-25 23:04:37",1092241,11.9,63.18,11.85,63.29
"2026-03-25 23:04:38",1092242,11.93,63.16,11.82,63.31
"2026-03-25 23:04:39",1092243,11.88,63.11,11.82,63.31
"2026-03-25 23:04:40",1092244,11.91,63.1,11.81,63.32
"2026-03-25 23:04:41",1092245,11.91,63.1,11.81,63.32
"2026-03-25 23:04:42",1092246,11.94,63.11,11.8,63.3
"2026-03-25 23:04:43",1092247,11.91,63.1,11.87,63.3
"2026-03-25 23:04:44",1092248,11.92,63.17,11.83,63.26
"2026-03-25 23:04:45",1092249,11.94,63.16,11.81,63.31
"2026-03-25 23:04:46",1092250,11.95,63.13,11.85,63.29
"2026-03-25 23:04:47",1092251,11.9,63.07,11.86,63.28
"2026-03-25 23:04:48",1092252,11.91,63.16,11.83,63.29
"2026-03-25 23:04:49",1092253,11.91,63.13,11.81,63.29
"2026-03-25 23:04:50",1092254,11.93,63.14,11.81,63.26
"2026-03-25 23:04:51",1092255,11.91,63.1,11.8,63.3
"2026-03-25 23:04:52",1092256,11.93,63.18,11.8,63.28
"2026-03-25 23:04:53",1092257,11.94,63.05,11.81,63.22
"2026-03-25 23:04:54",1092258,11.92,63.13,11.78,63.26
"2026-03-25 23:04:55",1092259,11.98,63.1,11.8,63.24
"2026-03-25 23:04:56",1092260,11.94,63.1,11.77,63.27
"2026-03-25 23:04:57",1092261,11.92,63.01,11.83,63.26
"2026-03-25 23:04:58",1092262,11.94,63.05,11.79,63.18
"2026-03-25 23:04:59",1092263,11.91,63.03,11.84,63.25
"2026-03-25 23:05:00",1092264,11.93,63.05,11.8,63.19
"2026-03-25 23:05:01",1092265,11.95,63.08,11.83,63.21
"2026-03-25 23:05:02",1092266,11.93,63.02,11.85,63.17
"2026-03-25 23:05:03",1092267,11.95,63.03,11.87,63.18
"2026-03-25 23:05:04",1092268,11.92,62.98,11.85,63.16
"2026-03-25 23:05:05",1092269,11.89,62.99,11.88,63.16
"2026-03-25 23:05:06",1092270,11.9,62.98,11.82,63.18
"2026-03-25 23:05:07",1092271,11.93,62.99,11.88,63.13
"2026-03-25 23:05:08",1092272,11.96,63.0,11.83,63.18
"2026-03-25 23:05:09",1092273,11.96,62.95,11.82,63.1
"2026-03-25 23:05:10",1092274,11.93,62.95,11.84,63.14
"2026-03-25 23:05:11",1092275,11.97,62.95,11.85,63.13
"2026-03-25 23:05:12",1092276,11.91,62.94,11.85,63.11
"2026-03-25 23:05:13",1092277,11.91,62.9,11.85,63.14
"2026-03-25 23:05:14",1092278,11.93,62.92,11.82,63.07
"2026-03-25 23:05:15",1092279,11.96,62.88,11.86,63.08
"2026-03-25 23:05:16",1092280,11.89,62.84,11.82,63.1
"2026-03-25 23:05:17",1092281,11.95,62.87,11.84,63.02
"2026-03-25 23:05:18",1092282,11.95,62.92,11.83,63.11
"2026-03-25 23:05:19",1092283,11.94,62.89,11.89,63.06
"2026-03-25 23:05:20",1092284,11.86,62.85,11.89,63.04
"2026-03-25 23:05:21",1092285,11.94,62.87,11.88,63.14
"2026-03-25 23:05:22",1092286,11.9,62.88,11.84,63.03
"2026-03-25 23:05:23",1092287,11.94,62.89,11.87,63.03
"2026-03-25 23:05:24",1092288,11.94,62.84,11.85,63.02
"2026-03-25 23:05:25",1092289,11.95,62.84,11.85,63.03
"2026-03-25 23:05:26",1092290,11.96,62.85,11.84,63.0
"2026-03-25 23:05:27",1092291,11.95,62.86,11.85,63.03
"2026-03-25 23:05:28",1092292,11.94,62.87,11.89,63.03
"2026-03-25 23:05:29",1092293,11.97,62.84,11.9,63.03
"2026-03-25 23:05:30",1092294,11.91,62.84,11.85,62.98
"2026-03-25 23:05:31",1092295,11.91,62.81,11.94,62.99
"2026-03-25 23:05:32",1092296,11.94,62.84,11.89,63.03
"2026-03-25 23:05:33",1092297,12.0,62.85,11.87,62.95
"2026-03-25 23:05:34",1092298,11.91,62.83,11.88,63.0
"2026-03-25 23:05:35",1092299,11.93,62.81,11.9,63.0
"2026-03-25 23:05:36",1092300,11.93,62.8,11.88,62.98
"2026-03-25 23:05:37",1092301,11.99,62.78,11.88,62.95
"2026-03-25 23:05:38",1092302,11.96,62.78,11.86,62.91
"2026-03-25 23:05:39",1092303,11.93,62.72,11.84,62.95
"2026-03-25 23:05:40",1092304,11.92,62.72,11.91,62.93
"2026-03-25 23:05:41",1092305,12.06,62.75,11.9,62.91
"2026-03-25 23:05:42",1092306,11.95,62.74,11.82,62.91
"2026-03-25 23:05:43",1092307,11.96,62.78,11.87,62.92
"2026-03-25 23:05:44",1092308,11.99,62.73,11.9,62.89
"2026-03-25 23:05:45",1092309,11.97,62.68,11.91,62.91
"2026-03-25 23:05:46",1092310,11.98,62.7,11.9,62.85
"2026-03-25 23:05:47",1092311,11.98,62.66,11.91,62.91
"2026-03-25 23:05:48",1092312,11.91,62.7,11.89,62.86
"2026-03-25 23:05:49",1092313,11.98,62.63,11.9,62.76
"2026-03-25 23:05:50",1092314,11.96,62.67,11.89,62.87
"2026-03-25 23:05:51",1092315,11.99,62.68,11.89,62.85
"2026-03-25 23:05:52",1092316,11.99,62.64,11.95,62.86
"2026-03-25 23:05:53",1092317,11.95,62.63,11.88,62.81
"2026-03-25 23:05:54",1092318,11.94,62.71,11.85,62.83
"2026-03-25 23:05:55",1092319,11.97,62.67,11.91,62.81
"2026-03-25 23:05:56",1092320,11.96,62.61,11.94,62.8
"2026-03-25 23:05:57",1092321,11.95,62.6,11.89,62.76
"2026-03-25 23:05:58",1092322,11.96,62.64,11.92,62.82
"2026-03-25 23:05:59",1092323,11.99,62.6,11.89,62.84
"2026-03-25 23:06:00",1092324,11.96,62.67,11.91,62.86
"2026-03-25 23:06:01",1092325,11.99,62.6,11.88,62.77
"2026-03-25 23:06:02",1092326,11.9,62.63,11.86,62.77
"2026-03-25 23:06:03",1092327,11.96,62.63,11.89,62.81
"2026-03-25 23:06:04",1092328,11.96,62.57,11.86,62.79
"2026-03-25 23:06:05",1092329,11.97,62.6,11.91,62.75
"2026-03-25 23:06:06",1092330,11.97,62.63,11.88,62.8
"2026-03-25 23:06:07",1092331,11.98,62.62,11.9,62.77
"2026-03-25 23:06:08",1092332,11.98,62.58,11.94,62.79
"2026-03-25 23:06:09",1092333,11.99,62.59,11.93,62.78
"2026-03-25 23:06:10",1092334,11.96,62.54,11.87,62.74
"2026-03-25 23:06:11",1092335,11.98,62.6,11.91,62.74
"2026-03-25 23:06:12",1092336,11.97,62.52,11.86,62.7
"2026-03-25 23:06:13",1092337,11.99,62.49,11.86,62.73
"2026-03-25 23:06:14",1092338,11.95,62.53,11.86,62.68
"2026-03-25 23:06:15",1092339,11.99,62.56,11.9,62.78
"2026-03-25 23:06:16",1092340,11.96,62.54,11.93,62.7
"2026-03-25 23:06:17",1092341,11.98,62.5,11.91,62.78
"2026-03-25 23:06:18",1092342,11.94,62.48,11.85,62.72
"2026-03-25 23:06:19",1092343,11.95,62.54,11.9,62.74
"2026-03-25 23:06:20",1092344,11.97,62.53,11.88,62.7
"2026-03-25 23:06:21",1092345,12.01,62.47,11.88,62.73
"2026-03-25 23:06:22",1092346,11.98,62.47,11.91,62.66
"2026-03-25 23:06:23",1092347,12.01,62.45,11.94,62.72
"2026-03-25 23:06:24",1092348,11.94,62.48,11.9,62.68
"2026-03-25 23:06:25",1092349,12.04,62.45,11.94,62.63
"2026-03-25 23:06:26",1092350,11.98,62.46,11.86,62.65
"2026-03-25 23:06:27",1092351,11.98,62.42,11.93,62.65
"2026-03-25 23:06:28",1092352,11.98,62.39,11.89,62.66
"2026-03-25 23:06:29",1092353,12.04,62.41,11.92,62.61
"2026-03-25 23:06:30",1092354,12.04,62.39,11.92,62.59
"2026-03-25 23:06:31",1092355,12.03,62.4,11.92,62.63
"2026-03-25 23:06:32",1092356,12.06,62.42,11.93,62.68
"2026-03-25 23:06:33",1092357,12.05,62.41,11.98,62.6
"2026-03-25 23:06:34",1092358,12.1,62.42,11.92,62.57
"2026-03-25 23:06:35",1092359,12.08,62.36,11.9,62.6
"2026-03-25 23:06:36",1092360,12.02,62.35,11.92,62.55
"2026-03-25 23:06:37",1092361,12.01,62.35,11.9,62.58
"2026-03-25 23:06:38",1092362,12.05,62.35,11.94,62.52
"2026-03-25 23:06:39",1092363,11.99,62.33,11.92,62.51
"2026-03-25 23:06:40",1092364,12.05,62.32,11.92,62.53
"2026-03-25 23:06:41",1092365,12.06,62.29,11.9,62.5
"2026-03-25 23:06:42",1092366,12.06,62.31,11.92,62.46
"2026-03-25 23:06:43",1092367,12.08,62.26,11.96,62.47
"2026-03-25 23:06:44",1092368,12.04,62.23,11.94,62.45
"2026-03-25 23:06:45",1092369,12.01,62.21,11.93,62.39
"2026-03-25 23:06:46",1092370,12.0,62.18,11.96,62.38
"2026-03-25 23:06:47",1092371,12.01,62.21,11.91,62.34
"2026-03-25 23:06:48",1092372,12.05,62.1,11.93,62.33
"2026-03-25 23:06:49",1092373,11.99,62.12,11.93,62.39
"2026-03-25 23:06:50",1092374,12.07,62.08,11.92,62.31
"2026-03-25 23:06:51",1092375,12.06,62.04,11.94,62.35
"2026-03-25 23:06:52",1092376,12.03,62.07,11.92,62.33
"2026-03-25 23:06:53",1092377,12.05,62.02,11.99,62.33
"2026-03-25 23:06:54",1092378,12.03,62.06,11.9,62.23
"2026-03-25 23:06:55",1092379,12.0,62.01,11.96,62.25
"2026-03-25 23:06:56",1092380,12.02,62.02,11.95,62.24
"2026-03-25 23:06:57",1092381,12.11,61.96,11.97,62.25
"2026-03-25 23:06:58",1092382,12.01,61.98,11.92,62.21
"2026-03-25 23:06:59",1092383,12.06,61.93,11.96,62.24
"2026-03-25 23:07:00",1092384,12.05,61.93,11.95,62.19
"2026-03-25 23:07:01",1092385,12.1,61.89,11.99,62.18
"2026-03-25 23:07:02",1092386,12.07,61.93,11.99,62.2
"2026-03-25 23:07:03",1092387,12.04,61.86,11.99,62.2
"2026-03-25 23:07:04",1092388,12.08,61.92,11.95,62.14
"2026-03-25 23:07:05",1092389,12.07,61.89,11.92,62.19
"2026-03-25 23:07:06",1092390,12.06,61.89,11.98,62.13
"2026-03-25 23:07:07",1092391,12.02,61.81,11.97,62.19
"2026-03-25 23:07:08",1092392,12.06,61.88,11.96,62.08
"2026-03-25 23:07:09",1092393,12.02,61.86,11.97,62.13
"2026-03-25 23:07:10",1092394,12.01,61.8,11.98,62.1
"2026-03-25 23:07:11",1092395,12.01,61.79,11.99,62.05
"2026-03-25 23:07:12",1092396,12.06,61.87,11.98,62.08
"2026-03-25 23:07:13",1092397,12.04,61.78,11.96,62.08
"2026-03-25 23:07:14",1092398,12.08,61.78,11.98,62.11
"2026-03-25 23:07:15",1092399,12.09,61.83,12.02,62.07
"2026-03-25 23:07:16",1092400,12.05,61.84,11.94,62.09
"2026-03-25 23:07:17",1092401,12.03,61.84,11.97,62.05
"2026-03-25 23:07:18",1092402,12.03,61.83,11.95,62.12
"2026-03-25 23:07:19",1092403,12.08,61.81,12.04,62.07
"2026-03-25 23:07:20",1092404,12.1,61.88,11.98,62.06
"2026-03-25 23:07:21",1092405,12.07,61.85,11.97,62.06
"2026-03-25 23:07:22",1092406,12.13,61.88,12.02,62.09
"2026-03-25 23:07:23",1092407,12.04,61.87,12.05,62.06
"2026-03-25 23:07:24",1092408,12.1,61.84,11.95,62.08
"2026-03-25 23:07:25",1092409,12.08,61.85,11.95,62.09
"2026-03-25 23:07:26",1092410,12.08,61.85,11.97,62.13
"2026-03-25 23:07:27",1092411,12.09,61.87,12.01,62.16
"2026-03-25 23:07:28",1092412,12.07,61.87,12.03,62.11
"2026-03-25 23:07:29",1092413,12.04,61.87,12.01,62.17
"2026-03-25 23:07:30",1092414,12.13,61.94,12.05,62.11
"2026-03-25 23:07:31",1092415,12.16,61.96,12.0,62.13
"2026-03-25 23:07:32",1092416,12.09,61.9,12.01,62.17
"2026-03-25 23:07:33",1092417,12.09,61.98,11.94,62.18
"2026-03-25 23:07:34",1092418,12.1,61.98,11.98,62.19
"2026-03-25 23:07:35",1092419,12.11,62.02,11.97,62.22
"2026-03-25 23:07:36",1092420,12.12,62.0,12.05,62.25
"2026-03-25 23:07:37",1092421,12.13,62.0,11.97,62.24
"2026-03-25 23:07:38",1092422,12.16,62.07,12.05,62.32
"2026-03-25 23:07:39",1092423,12.13,62.1,12.0,62.29
"2026-03-25 23:07:40",1092424,12.06,62.07,12.0,62.31
"2026-03-25 23:07:41",1092425,12.07,62.13,11.97,62.32
"2026-03-25 23:07:42",1092426,12.11,62.11,11.97,62.28
"2026-03-25 23:07:43",1092427,12.06,62.17,11.97,62.39
"2026-03-25 23:07:44",1092428,12.06,62.19,12.0,62.36
"2026-03-25 23:07:45",1092429,12.05,62.24,12.07,62.37
"2026-03-25 23:07:46",1092430,12.07,62.23,12.02,62.4
"2026-03-25 23:07:47",1092431,12.08,62.24,12.05,62.4
"2026-03-25 23:07:48",1092432,12.08,62.24,11.93,62.34
"2026-03-25 23:07:49",1092433,12.05,62.25,11.98,62.39
"2026-03-25 23:07:50",1092434,12.05,62.25,11.91,62.41
"2026-03-25 23:07:51",1092435,12.07,62.24,11.97,62.42
"2026-03-25 23:07:52",1092436,12.05,62.25,11.96,62.39
"2026-03-25 23:07:53",1092437,12.04,62.28,12.04,62.41
"2026-03-25 23:07:54",1092438,12.07,62.28,11.95,62.42
"2026-03-25 23:07:55",1092439,12.07,62.29,12.0,62.42
"2026-03-25 23:07:56",1092440,12.08,62.3,11.93,62.41
"2026-03-25 23:07:57",1092441,12.05,62.3,12.0,62.44
"2026-03-25 23:07:58",1092442,12.07,62.28,12.0,62.4
"2026-03-25 23:07:59",1092443,12.07,62.28,12.0,62.4
"2026-03-25 23:08:00",1092444,12.04,62.29,12.0,62.44
"2026-03-25 23:08:01",1092445,12.01,62.31,11.99,62.44
"2026-03-25 23:08:02",1092446,12.04,62.38,12.02,62.41
"2026-03-25 23:08:03",1092447,12.03,62.36,12.02,62.44
"2026-03-25 23:08:04",1092448,12.04,62.37,11.97,62.4
"2026-03-25 23:08:05",1092449,12.05,62.34,11.99,62.4
"2026-03-25 23:08:06",1092450,12.05,62.35,11.98,62.41
"2026-03-25 23:08:07",1092451,12.02,62.31,11.96,62.38
"2026-03-25 23:08:08",1092452,12.05,62.27,11.96,62.41
"2026-03-25 23:08:09",1092453,12.08,62.27,12.0,62.41
"2026-03-25 23:08:10",1092454,12.08,62.29,12.02,62.43
"2026-03-25 23:08:11",1092455,12.09,62.27,12.0,62.43
"2026-03-25 23:08:12",1092456,12.05,62.29,11.94,62.42
"2026-03-25 23:08:13",1092457,12.05,62.3,11.99,62.36
"2026-03-25 23:08:14",1092458,12.07,62.21,11.98,62.33
"2026-03-25 23:08:15",1092459,12.01,62.24,11.97,62.34
"2026-03-25 23:08:16",1092460,11.99,62.16,11.94,62.39
"2026-03-25 23:08:17",1092461,11.97,62.11,11.99,62.31
"2026-03-25 23:08:18",1092462,12.05,62.19,11.98,62.31
"2026-03-25 23:08:19",1092463,12.05,62.11,11.95,62.31
"2026-03-25 23:08:20",1092464,12.04,62.08,11.94,62.27
"2026-03-25 23:08:21",1092465,11.98,62.05,11.97,62.29
"2026-03-25 23:08:22",1092466,12.09,62.13,11.97,62.24
"2026-03-25 23:08:23",1092467,12.06,62.03,11.96,62.24
"2026-03-25 23:08:24",1092468,12.06,62.03,11.95,62.26
"2026-03-25 23:08:25",1092469,12.05,61.98,12.03,62.18
"2026-03-25 23:08:26",1092470,12.04,61.94,11.97,62.2
"2026-03-25 23:08:27",1092471,12.07,61.98,12.01,62.17
"2026-03-25 23:08:28",1092472,12.05,61.94,11.91,62.18
"2026-03-25 23:08:29",1092473,12.01,61.95,11.97,62.1
"2026-03-25 23:08:30",1092474,12.05,61.94,11.93,62.19
"2026-03-25 23:08:31",1092475,12.08,61.89,11.96,62.14
"2026-03-25 23:08:32",1092476,12.09,61.88,11.96,62.13
"2026-03-25 23:08:33",1092477,12.05,61.9,12.02,62.13
"2026-03-25 23:08:34",1092478,12.03,61.89,11.97,62.16
"2026-03-25 23:08:35",1092479,12.07,61.89,12.02,62.13
"2026-03-25 23:08:36",1092480,12.05,61.85,11.95,62.14
"2026-03-25 23:08:37",1092481,12.12,61.87,12.01,62.07
"2026-03-25 23:08:38",1092482,12.09,61.87,11.95,62.06
"2026-03-25 23:08:39",1092483,12.08,61.81,11.98,62.08
"2026-03-25 23:08:40",1092484,12.1,61.86,12.01,62.15
"2026-03-25 23:08:41",1092485,12.08,61.84,11.99,62.08
"2026-03-25 23:08:42",1092486,12.04,61.9,12.02,62.06
"2026-03-25 23:08:43",1092487,12.07,61.94,12.03,62.09
"2026-03-25 23:08:44",1092488,12.07,61.85,11.96,62.09
"2026-03-25 23:08:45",1092489,12.06,61.86,11.94,62.07
"2026-03-25 23:08:46",1092490,12.06,61.84,11.96,62.07
"2026-03-25 23:08:47",1092491,12.09,61.88,11.99,62.11
"2026-03-25 23:08:48",1092492,12.03,61.85,12.03,62.08
"2026-03-25 23:08:49",1092493,12.06,61.86,12.01,62.05
"2026-03-25 23:08:50",1092494,12.02,61.87,12.05,62.07
"2026-03-25 23:08:51",1092495,12.07,61.9,11.96,62.09
"2026-03-25 23:08:52",1092496,12.06,61.86,11.99,62.06
"2026-03-25 23:08:53",1092497,12.06,61.86,11.93,62.08
"2026-03-25 23:08:54",1092498,12.03,61.81,11.94,62.04
"2026-03-25 23:08:55",1092499,12.07,61.83,12.02,62.12
"2026-03-25 23:08:56",1092500,12.04,61.85,12.06,62.06
"2026-03-25 23:08:57",1092501,12.04,61.89,11.99,62.11
"2026-03-25 23:08:58",1092502,12.02,61.9,12.04,62.09
"2026-03-25 23:08:59",1092503,12.06,61.91,11.97,62.14
"2026-03-25 23:09:00",1092504,12.06,61.93,12.03,62.06
"2026-03-25 23:09:01",1092505,12.07,61.94,11.94,62.1
"2026-03-25 23:09:02",1092506,12.04,61.94,11.95,62.07
"2026-03-25 23:09:03",1092507,12.06,61.97,12.0,62.11
"2026-03-25 23:09:04",1092508,12.06,61.88,12.03,62.06
"2026-03-25 23:09:05",1092509,12.04,61.93,11.98,62.06
"2026-03-25 23:09:06",1092510,12.1,61.85,12.02,62.09
"2026-03-25 23:09:07",1092511,12.1,61.91,11.95,62.09
"2026-03-25 23:09:08",1092512,12.05,61.87,11.96,62.09
"2026-03-25 23:09:09",1092513,12.09,61.87,11.93,62.04
"2026-03-25 23:09:10",1092514,12.04,61.87,11.94,62.02
"2026-03-25 23:09:11",1092515,12.1,61.89,11.97,62.13
"2026-03-25 23:09:12",1092516,12.07,61.86,12.02,62.04
"2026-03-25 23:09:13",1092517,12.05,61.88,11.94,62.05
"2026-03-25 23:09:14",1092518,12.03,61.86,11.99,62.04
"2026-03-25 23:09:15",1092519,12.01,61.83,11.99,62.05
"2026-03-25 23:09:16",1092520,12.06,61.88,12.0,62.03
"2026-03-25 23:09:17",1092521,12.08,61.87,11.95,62.03
"2026-03-25 23:09:18",1092522,12.09,61.85,11.95,62.05
"2026-03-25 23:09:19",1092523,12.04,61.84,12.05,62.07
"2026-03-25 23:09:20",1092524,12.06,61.88,12.03,62.07
"2026-03-25 23:09:21",1092525,12.05,61.86,11.98,62.07
"2026-03-25 23:09:22",1092526,12.07,61.85,12.0,62.11
"2026-03-25 23:09:23",1092527,12.01,61.84,11.96,62.11
"2026-03-25 23:09:24",1092528,12.1,61.87,11.99,62.02
"2026-03-25 23:09:25",1092529,12.08,61.86,11.93,62.01
"2026-03-25 23:09:26",1092530,12.12,61.9,11.94,62.03
"2026-03-25 23:09:27",1092531,12.04,61.88,11.95,62.13
"2026-03-25 23:09:28",1092532,12.14,61.87,12.05,62.05
"2026-03-25 23:09:29",1092533,12.08,61.89,11.97,62.05
"2026-03-25 23:09:30",1092534,12.09,61.91,12.01,62.1
"2026-03-25 23:09:31",1092535,12.08,61.94,11.97,62.05
"2026-03-25 23:09:32",1092536,12.09,61.94,11.98,62.08
"2026-03-25 23:09:33",1092537,12.11,61.93,11.96,62.08
"2026-03-25 23:09:34",1092538,12.09,61.92,12.0,62.08
"2026-03-25 23:09:35",1092539,12.04,61.91,12.0,62.08
"2026-03-25 23:09:36",1092540,12.07,61.92,12.03,62.12
"2026-03-25 23:09:37",1092541,12.06,61.98,11.94,62.07
"2026-03-25 23:09:38",1092542,12.04,61.97,11.96,62.11
"2026-03-25 23:09:39",1092543,12.02,61.97,11.96,62.14
"2026-03-25 23:09:40",1092544,12.06,61.99,11.96,62.13
"2026-03-25 23:09:41",1092545,12.06,61.98,11.96,62.14
"2026-03-25 23:09:42",1092546,12.06,61.99,11.92,62.18
"2026-03-25 23:09:43",1092547,12.04,61.95,11.93,62.13
"2026-03-25 23:09:44",1092548,12.07,62.0,12.02,62.14
"2026-03-25 23:09:45",1092549,12.07,62.02,12.03,62.15
"2026-03-25 23:09:46",1092550,12.07,62.03,11.94,62.2
"2026-03-25 23:09:47",1092551,12.02,62.03,11.96,62.17
"2026-03-25 23:09:48",1092552,12.04,62.03,11.94,62.16
"2026-03-25 23:09:49",1092553,12.06,62.11,11.98,62.15
"2026-03-25 23:09:50",1092554,12.07,62.08,11.92,62.25
"2026-03-25 23:09:51",1092555,12.0,62.17,11.94,62.19
"2026-03-25 23:09:52",1092556,12.09,62.04,11.95,62.23
"2026-03-25 23:09:53",1092557,12.09,62.19,12.05,62.29
"2026-03-25 23:09:54",1092558,12.06,62.14,11.94,62.26
"2026-03-25 23:09:55",1092559,12.07,62.17,11.97,62.29
"2026-03-25 23:09:56",1092560,12.05,62.21,11.96,62.25
"2026-03-25 23:09:57",1092561,12.05,62.22,11.97,62.29
"2026-03-25 23:09:58",1092562,12.11,62.27,11.95,62.35
"2026-03-25 23:09:59",1092563,12.0,62.26,11.96,62.3
"2026-03-25 23:10:00",1092564,12.03,62.26,11.94,62.42
"2026-03-25 23:10:01",1092565,12.03,62.38,11.99,62.37
"2026-03-25 23:10:02",1092566,12.06,62.3,11.97,62.44
"2026-03-25 23:10:03",1092567,12.02,62.33,12.01,62.4
"2026-03-25 23:10:04",1092568,12.09,62.34,11.97,62.37
"2026-03-25 23:10:05",1092569,12.04,62.4,11.96,62.37
"2026-03-25 23:10:06",1092570,12.07,62.4,11.99,62.46
"2026-03-25 23:10:07",1092571,12.05,62.4,11.92,62.47
"2026-03-25 23:10:08",1092572,12.05,62.43,11.93,62.55
"2026-03-25 23:10:09",1092573,12.02,62.42,11.97,62.49
"2026-03-25 23:10:10",1092574,12.05,62.45,11.95,62.51
"2026-03-25 23:10:11",1092575,12.0,62.53,11.93,62.52
"2026-03-25 23:10:12",1092576,12.08,62.56,11.99,62.53
"2026-03-25 23:10:13",1092577,12.04,62.59,11.95,62.58
"2026-03-25 23:10:14",1092578,12.09,62.62,11.95,62.62
"2026-03-25 23:10:15",1092579,12.03,62.63,11.91,62.52
"2026-03-25 23:10:16",1092580,12.1,62.66,11.93,62.71
"2026-03-25 23:10:17",1092581,12.09,62.66,12.06,62.64
"2026-03-25 23:10:18",1092582,12.05,62.67,11.96,62.65
"2026-03-25 23:10:19",1092583,11.98,62.7,11.97,62.66
"2026-03-25 23:10:20",1092584,12.03,62.7,11.96,62.71
"2026-03-25 23:10:21",1092585,12.05,62.73,12.0,62.72
"2026-03-25 23:10:22",1092586,12.07,62.78,11.89,62.74
"2026-03-25 23:10:23",1092587,12.04,62.81,11.86,62.81
"2026-03-25 23:10:24",1092588,12.07,62.82,11.96,62.8
"2026-03-25 23:10:25",1092589,12.02,62.83,11.99,62.84
"2026-03-25 23:10:26",1092590,12.06,62.84,11.94,62.89
"2026-03-25 23:10:27",1092591,11.98,62.86,11.95,62.83
"2026-03-25 23:10:28",1092592,12.06,62.85,11.98,62.88
"2026-03-25 23:10:29",1092593,12.0,62.87,11.97,62.89
"2026-03-25 23:10:30",1092594,12.1,62.89,11.96,62.87
"2026-03-25 23:10:31",1092595,12.07,62.97,11.93,62.85
"2026-03-25 23:10:32",1092596,12.08,62.97,11.91,62.95
"2026-03-25 23:10:33",1092597,12.04,62.96,11.99,62.95
"2026-03-25 23:10:34",1092598,12.06,63.01,11.95,62.97
"2026-03-25 23:10:35",1092599,12.01,63.03,11.97,62.95
"2026-03-25 23:10:36",1092600,12.02,63.04,11.94,62.98
"2026-03-25 23:10:37",1092601,11.98,63.08,12.01,62.96
"2026-03-25 23:10:38",1092602,12.05,63.13,11.89,63.04
"2026-03-25 23:10:39",1092603,12.01,63.1,11.96,62.99
"2026-03-25 23:10:40",1092604,12.07,63.14,11.95,63.01
"2026-03-25 23:10:41",1092605,11.98,63.11,12.0,63.05
"2026-03-25 23:10:42",1092606,12.04,63.13,11.96,63.09
"2026-03-25 23:10:43",1092607,11.97,63.18,11.99,63.05
"2026-03-25 23:10:44",1092608,12.05,63.17,11.93,63.06
"2026-03-25 23:10:45",1092609,11.97,63.23,11.98,63.14
"2026-03-25 23:10:46",1092610,12.02,63.22,11.9,63.08
"2026-03-25 23:10:47",1092611,12.02,63.24,11.96,63.14
"2026-03-25 23:10:48",1092612,12.04,63.26,11.93,63.19
"2026-03-25 23:10:49",1092613,12.0,63.24,11.93,63.18
"2026-03-25 23:10:50",1092614,12.05,63.29,11.88,63.21
"2026-03-25 23:10:51",1092615,12.02,63.28,11.95,63.24
"2026-03-25 23:10:52",1092616,12.01,63.31,11.93,63.23
"2026-03-25 23:10:53",1092617,11.96,63.34,11.92,63.26
"2026-03-25 23:10:54",1092618,11.96,63.38,11.92,63.28
"2026-03-25 23:10:55",1092619,12.06,63.43,11.96,63.21
"2026-03-25 23:10:56",1092620,11.96,63.44,11.92,63.33
"2026-03-25 23:10:57",1092621,12.01,63.43,11.94,63.31
"2026-03-25 23:10:58",1092622,11.97,63.46,11.92,63.36
"2026-03-25 23:10:59",1092623,12.0,63.51,11.97,63.35
"2026-03-25 23:11:00",1092624,11.96,63.48,11.93,63.39
"2026-03-25 23:11:01",1092625,12.03,63.49,11.93,63.36
"2026-03-25 23:11:02",1092626,12.01,63.56,11.91,63.35
"2026-03-25 23:11:03",1092627,12.0,63.54,11.94,63.38
"2026-03-25 23:11:04",1092628,12.01,63.56,11.89,63.51
"2026-03-25 23:11:05",1092629,12.02,63.57,11.88,63.45
"2026-03-25 23:11:06",1092630,11.98,63.58,11.9,63.53
"2026-03-25 23:11:07",1092631,11.99,63.6,11.87,63.46
"2026-03-25 23:11:08",1092632,11.97,63.59,11.92,63.54
"2026-03-25 23:11:09",1092633,12.0,63.64,11.89,63.48
"2026-03-25 23:11:10",1092634,11.98,63.64,11.9,63.53
"2026-03-25 23:11:11",1092635,11.96,63.66,11.89,63.45
"2026-03-25 23:11:12",1092636,11.99,63.63,11.9,63.57
"2026-03-25 23:11:13",1092637,12.0,63.73,11.88,63.6
"2026-03-25 23:11:14",1092638,12.03,63.69,11.89,63.59
"2026-03-25 23:11:15",1092639,12.0,63.78,11.9,63.6
"2026-03-25 23:11:16",1092640,11.95,63.74,11.95,63.68
"2026-03-25 23:11:17",1092641,11.98,63.76,11.88,63.61
"2026-03-25 23:11:18",1092642,11.99,63.79,11.97,63.66
"2026-03-25 23:11:19",1092643,12.0,63.81,11.89,63.64
"2026-03-25 23:11:20",1092644,12.01,63.94,11.88,63.78
"2026-03-25 23:11:21",1092645,11.97,63.94,11.94,63.74
"2026-03-25 23:11:22",1092646,11.99,63.89,11.92,63.76
"2026-03-25 23:11:23",1092647,11.95,63.93,11.85,63.67
"2026-03-25 23:11:24",1092648,11.94,63.92,11.92,63.79
"2026-03-25 23:11:25",1092649,11.94,63.95,11.89,63.8
"2026-03-25 23:11:26",1092650,11.98,63.91,11.92,63.84
"2026-03-25 23:11:27",1092651,11.96,64.05,11.82,63.85
"2026-03-25 23:11:28",1092652,11.99,64.06,11.89,63.85
"2026-03-25 23:11:29",1092653,11.95,64.03,11.89,63.87
"2026-03-25 23:11:30",1092654,11.96,64.03,11.91,63.88
"2026-03-25 23:11:31",1092655,11.97,64.01,11.79,63.89
"2026-03-25 23:11:32",1092656,11.96,64.05,11.86,63.97
"2026-03-25 23:11:33",1092657,11.97,64.06,11.87,63.92
"2026-03-25 23:11:34",1092658,11.93,64.09,11.85,63.91
"2026-03-25 23:11:35",1092659,11.93,64.11,11.86,63.9
"2026-03-25 23:11:36",1092660,11.97,64.16,11.91,63.98
"2026-03-25 23:11:37",1092661,12.01,64.13,11.85,64.01
"2026-03-25 23:11:38",1092662,11.96,64.13,11.87,63.99
"2026-03-25 23:11:39",1092663,11.95,64.14,11.86,64.0
"2026-03-25 23:11:40",1092664,11.96,64.12,11.9,64.0
"2026-03-25 23:11:41",1092665,12.03,64.13,11.86,63.99
"2026-03-25 23:11:42",1092666,11.9,64.13,11.88,63.97
"2026-03-25 23:11:43",1092667,11.91,64.16,11.89,63.98
"2026-03-25 23:11:44",1092668,11.89,64.14,11.89,64.03
"2026-03-25 23:11:45",1092669,11.92,64.15,11.88,64.04
"2026-03-25 23:11:46",1092670,11.92,64.1,11.92,64.01
"2026-03-25 23:11:47",1092671,11.9,64.16,11.85,64.01
"2026-03-25 23:11:48",1092672,11.9,64.16,11.85,64.01
"2026-03-25 23:11:49",1092673,11.93,64.17,11.85,64.02
"2026-03-25 23:11:50",1092674,11.94,64.12,11.82,63.96
"2026-03-25 23:11:51",1092675,11.93,64.2,11.88,64.04
"2026-03-25 23:11:52",1092676,11.96,64.16,11.89,64.0
"2026-03-25 23:11:53",1092677,11.96,64.2,11.94,64.04
"2026-03-25 23:11:54",1092678,11.99,64.23,11.86,64.01
"2026-03-25 23:11:55",1092679,11.95,64.22,11.86,64.05
"2026-03-25 23:11:56",1092680,11.96,64.15,11.86,64.0
"2026-03-25 23:11:57",1092681,11.93,64.16,11.84,64.01
"2026-03-25 23:11:58",1092682,11.93,64.15,11.86,64.05
"2026-03-25 23:11:59",1092683,11.88,64.12,11.89,64.02
"2026-03-25 23:12:00",1092684,11.94,64.2,11.87,64.1
"2026-03-25 23:12:01",1092685,11.94,64.23,11.85,64.11
"2026-03-25 23:12:02",1092686,11.96,64.25,11.83,64.07
"2026-03-25 23:12:03",1092687,11.92,64.15,11.85,64.09
"2026-03-25 23:12:04",1092688,11.94,64.17,11.85,64.09
"2026-03-25 23:12:05",1092689,11.93,64.22,11.88,64.08
"2026-03-25 23:12:06",1092690,11.91,64.18,11.87,64.05
"2026-03-25 23:12:07",1092691,11.87,64.3,11.84,64.1
"2026-03-25 23:12:08",1092692,11.94,64.22,11.86,64.15
"2026-03-25 23:12:09",1092693,11.95,64.25,11.87,64.14
"2026-03-25 23:12:10",1092694,11.89,64.18,11.8,64.07
"2026-03-25 23:12:11",1092695,11.87,64.14,11.83,64.15
"2026-03-25 23:12:12",1092696,11.92,64.17,11.85,64.09
"2026-03-25 23:12:13",1092697,11.88,64.17,11.82,64.13
"2026-03-25 23:12:14",1092698,11.89,64.18,11.84,64.11
"2026-03-25 23:12:15",1092699,11.9,64.24,11.85,64.14
"2026-03-25 23:12:16",1092700,11.91,64.22,11.83,64.08
"2026-03-25 23:12:17",1092701,11.93,64.26,11.83,64.24
"2026-03-25 23:12:18",1092702,11.92,64.23,11.82,64.19
"2026-03-25 23:12:19",1092703,11.91,64.18,11.82,64.21
"2026-03-25 23:12:20",1092704,11.9,64.23,11.8,64.18
"2026-03-25 23:12:21",1092705,11.95,64.22,11.85,64.16
"2026-03-25 23:12:22",1092706,11.9,64.27,11.78,64.18
"2026-03-25 23:12:23",1092707,11.94,64.31,11.79,64.23
"2026-03-25 23:12:24",1092708,11.96,64.35,11.85,64.25
"2026-03-25 23:12:25",1092709,11.9,64.35,11.84,64.24
"2026-03-25 23:12:26",1092710,11.9,64.33,11.79,64.22
"2026-03-25 23:12:27",1092711,11.91,64.35,11.84,64.23
"2026-03-25 23:12:28",1092712,11.91,64.35,11.82,64.22
"2026-03-25 23:12:29",1092713,11.9,64.32,11.83,64.26
"2026-03-25 23:12:30",1092714,11.9,64.36,11.85,64.26
"2026-03-25 23:12:31",1092715,11.89,64.39,11.84,64.3
"2026-03-25 23:12:32",1092716,11.92,64.38,11.87,64.28
"2026-03-25 23:12:33",1092717,11.9,64.39,11.85,64.37
"2026-03-25 23:12:34",1092718,11.91,64.43,11.79,64.37
"2026-03-25 23:12:35",1092719,11.93,64.42,11.82,64.36
"2026-03-25 23:12:36",1092720,11.94,64.47,11.76,64.34
"2026-03-25 23:12:37",1092721,11.89,64.42,11.8,64.41
"2026-03-25 23:12:38",1092722,11.87,64.43,11.75,64.37
"2026-03-25 23:12:39",1092723,11.9,64.48,11.83,64.48
"2026-03-25 23:12:40",1092724,11.91,64.55,11.83,64.41
"2026-03-25 23:12:41",1092725,11.89,64.54,11.85,64.45
"2026-03-25 23:12:42",1092726,11.91,64.53,11.83,64.41
"2026-03-25 23:12:43",1092727,11.91,64.55,11.84,64.51
"2026-03-25 23:12:44",1092728,11.87,64.57,11.83,64.42
"2026-03-25 23:12:45",1092729,11.9,64.53,11.81,64.46
"2026-03-25 23:12:46",1092730,11.89,64.52,11.81,64.48
"2026-03-25 23:12:47",1092731,11.89,64.55,11.82,64.53
"2026-03-25 23:12:48",1092732,11.91,64.66,11.84,64.54
"2026-03-25 23:12:49",1092733,11.87,64.67,11.84,64.58
"2026-03-25 23:12:50",1092734,11.87,64.7,11.78,64.57
"2026-03-25 23:12:51",1092735,11.91,64.63,11.81,64.5
"2026-03-25 23:12:52",1092736,11.91,64.68,11.8,64.61
"2026-03-25 23:12:53",1092737,11.91,64.67,11.8,64.59
"2026-03-25 23:12:54",1092738,11.88,64.73,11.8,64.58
"2026-03-25 23:12:55",1092739,11.84,64.64,11.82,64.62
"2026-03-25 23:12:56",1092740,11.84,64.64,11.82,64.62
"2026-03-25 23:12:57",1092741,11.91,64.66,11.8,64.66
"2026-03-25 23:12:58",1092742,11.91,64.76,11.81,64.58
"2026-03-25 23:12:59",1092743,11.85,64.76,11.84,64.61
"2026-03-25 23:13:00",1092744,11.82,64.73,11.82,64.61
"2026-03-25 23:13:01",1092745,11.86,64.76,11.79,64.65
"2026-03-25 23:13:02",1092746,11.84,64.78,11.79,64.66
"2026-03-25 23:13:03",1092747,11.86,64.8,11.81,64.66
"2026-03-25 23:13:04",1092748,11.89,64.81,11.8,64.71
"2026-03-25 23:13:05",1092749,11.89,64.81,11.8,64.71
"2026-03-25 23:13:06",1092750,11.88,64.83,11.74,64.7
"2026-03-25 23:13:07",1092751,11.86,64.76,11.81,64.7
"2026-03-25 23:13:08",1092752,11.82,64.78,11.79,64.73
"2026-03-25 23:13:09",1092753,11.91,64.81,11.8,64.66
"2026-03-25 23:13:10",1092754,11.89,64.83,11.78,64.73
"2026-03-25 23:13:11",1092755,11.86,64.84,11.8,64.77
"2026-03-25 23:13:12",1092756,11.85,64.82,11.8,64.73
"2026-03-25 23:13:13",1092757,11.87,64.87,11.81,64.69
"2026-03-25 23:13:14",1092758,11.88,64.9,11.71,64.66
"2026-03-25 23:13:15",1092759,11.86,64.9,11.8,64.8
"2026-03-25 23:13:16",1092760,11.83,64.87,11.8,64.77
"2026-03-25 23:13:17",1092761,11.88,64.87,11.77,64.82
"2026-03-25 23:13:18",1092762,11.85,64.93,11.78,64.78
"2026-03-25 23:13:19",1092763,11.86,64.93,11.76,64.8
"2026-03-25 23:13:20",1092764,11.83,64.94,11.8,64.86
"2026-03-25 23:13:21",1092765,11.87,64.99,11.76,64.83
"2026-03-25 23:13:22",1092766,11.86,65.02,11.83,64.87
"2026-03-25 23:13:23",1092767,11.87,65.05,11.81,64.86
"2026-03-25 23:13:24",1092768,11.9,65.03,11.79,64.93
"2026-03-25 23:13:25",1092769,11.89,65.01,11.79,64.9
"2026-03-25 23:13:26",1092770,11.86,64.97,11.79,64.87
"2026-03-25 23:13:27",1092771,11.88,65.02,11.79,64.94
"2026-03-25 23:13:28",1092772,11.88,65.05,11.77,64.93
"2026-03-25 23:13:29",1092773,11.84,65.05,11.8,64.98
"2026-03-25 23:13:30",1092774,11.85,65.1,11.81,64.94
"2026-03-25 23:13:31",1092775,11.87,65.07,11.8,64.94
"2026-03-25 23:13:32",1092776,11.85,65.14,11.76,65.01
"2026-03-25 23:13:33",1092777,11.85,65.12,11.76,64.97
"2026-03-25 23:13:34",1092778,11.9,65.11,11.78,64.99
"2026-03-25 23:13:35",1092779,11.83,65.12,11.78,65.06
"2026-03-25 23:13:36",1092780,11.8,65.1,11.77,65.04
"2026-03-25 23:13:37",1092781,11.82,65.06,11.81,65.02
"2026-03-25 23:13:38",1092782,11.87,65.18,11.76,64.96
"2026-03-25 23:13:39",1092783,11.85,65.18,11.77,65.03
"2026-03-25 23:13:40",1092784,11.84,65.18,11.77,64.98
"2026-03-25 23:13:41",1092785,11.79,65.13,11.75,65.06
"2026-03-25 23:13:42",1092786,11.87,65.16,11.77,65.04
"2026-03-25 23:13:43",1092787,11.89,65.13,11.82,65.06
"2026-03-25 23:13:44",1092788,11.8,65.15,11.79,65.07
"2026-03-25 23:13:45",1092789,11.79,65.34,11.78,65.1
"2026-03-25 23:13:46",1092790,11.85,65.25,11.75,65.04
"2026-03-25 23:13:47",1092791,11.83,65.29,11.78,65.14
"2026-03-25 23:13:48",1092792,11.79,65.24,11.8,65.07
"2026-03-25 23:13:49",1092793,11.83,65.22,11.77,65.13
"2026-03-25 23:13:50",1092794,11.88,65.3,11.73,65.13
"2026-03-25 23:13:51",1092795,11.85,65.21,11.82,65.17
"2026-03-25 23:13:52",1092796,11.82,65.25,11.8,65.1
"2026-03-25 23:13:53",1092797,11.85,65.26,11.77,65.12
"2026-03-25 23:13:54",1092798,11.83,65.29,11.8,65.13
"2026-03-25 23:13:55",1092799,11.85,65.33,11.79,65.15
"2026-03-25 23:13:56",1092800,11.86,65.28,11.75,65.16
"2026-03-25 23:13:57",1092801,11.83,65.26,11.78,65.16
"2026-03-25 23:13:58",1092802,11.87,65.28,11.76,65.19
"2026-03-25 23:13:59",1092803,11.87,65.33,11.75,65.19
"2026-03-25 23:14:00",1092804,11.85,65.32,11.72,65.18
"2026-03-25 23:14:01",1092805,11.78,65.32,11.79,65.22
"2026-03-25 23:14:02",1092806,11.85,65.35,11.75,65.2
"2026-03-25 23:14:03",1092807,11.84,65.35,11.75,65.16
"2026-03-25 23:14:04",1092808,11.82,65.39,11.73,65.23
"2026-03-25 23:14:05",1092809,11.83,65.35,11.75,65.21
"2026-03-25 23:14:06",1092810,11.86,65.38,11.82,65.25
"2026-03-25 23:14:07",1092811,11.83,65.33,11.74,65.23
"2026-03-25 23:14:08",1092812,11.81,65.38,11.81,65.21
"2026-03-25 23:14:09",1092813,11.8,65.41,11.82,65.23
"2026-03-25 23:14:10",1092814,11.83,65.42,11.78,65.23
"2026-03-25 23:14:11",1092815,11.77,65.44,11.74,65.26
"2026-03-25 23:14:12",1092816,11.83,65.39,11.73,65.26
"2026-03-25 23:14:13",1092817,11.89,65.39,11.74,65.33
"2026-03-25 23:14:14",1092818,11.83,65.43,11.73,65.28
"2026-03-25 23:14:15",1092819,11.81,65.43,11.78,65.34
"2026-03-25 23:14:16",1092820,11.78,65.41,11.82,65.28
"2026-03-25 23:14:17",1092821,11.81,65.43,11.79,65.35
"2026-03-25 23:14:18",1092822,11.78,65.48,11.79,65.37
"2026-03-25 23:14:19",1092823,11.85,65.46,11.72,65.35
"2026-03-25 23:14:20",1092824,11.81,65.46,11.72,65.3
"2026-03-25 23:14:21",1092825,11.81,65.45,11.7,65.34
"2026-03-25 23:14:22",1092826,11.83,65.47,11.76,65.34
"2026-03-25 23:14:23",1092827,11.84,65.52,11.8,65.36
"2026-03-25 23:14:24",1092828,11.87,65.49,11.78,65.39
"2026-03-25 23:14:25",1092829,11.81,65.57,11.77,65.38
"2026-03-25 23:14:26",1092830,11.85,65.56,11.74,65.48
"2026-03-25 23:14:27",1092831,11.8,65.58,11.72,65.37
"2026-03-25 23:14:28",1092832,11.85,65.58,11.73,65.42
"2026-03-25 23:14:29",1092833,11.86,65.58,11.76,65.45
"2026-03-25 23:14:30",1092834,11.83,65.56,11.77,65.39
"2026-03-25 23:14:31",1092835,11.75,65.6,11.7,65.49
"2026-03-25 23:14:32",1092836,11.81,65.58,11.78,65.46
"2026-03-25 23:14:33",1092837,11.74,65.56,11.76,65.47
"2026-03-25 23:14:34",1092838,11.78,65.67,11.72,65.47
"2026-03-25 23:14:35",1092839,11.78,65.7,11.74,65.41
"2026-03-25 23:14:36",1092840,11.85,65.66,11.72,65.51
"2026-03-25 23:14:37",1092841,11.82,65.71,11.75,65.47
"2026-03-25 23:14:38",1092842,11.84,65.7,11.71,65.49
"2026-03-25 23:14:39",1092843,11.8,65.74,11.74,65.51
"2026-03-25 23:14:40",1092844,11.78,65.72,11.76,65.53
"2026-03-25 23:14:41",1092845,11.8,65.65,11.68,65.59
"2026-03-25 23:14:42",1092846,11.76,65.71,11.75,65.6
"2026-03-25 23:14:43",1092847,11.83,65.8,11.74,65.55
"2026-03-25 23:14:44",1092848,11.77,65.82,11.74,65.56
"2026-03-25 23:14:45",1092849,11.77,65.79,11.76,65.57
"2026-03-25 23:14:46",1092850,11.75,65.75,11.75,65.65
"2026-03-25 23:14:47",1092851,11.79,65.86,11.79,65.61
"2026-03-25 23:14:48",1092852,11.72,65.83,11.7,65.64
"2026-03-25 23:14:49",1092853,11.8,65.82,11.75,65.64
"2026-03-25 23:14:50",1092854,11.71,65.92,11.75,65.63
"2026-03-25 23:14:51",1092855,11.82,65.89,11.75,65.57
"2026-03-25 23:14:52",1092856,11.84,65.85,11.66,65.66
"2026-03-25 23:14:53",1092857,11.73,65.85,11.75,65.7
"2026-03-25 23:14:54",1092858,11.73,65.85,11.75,65.7
"2026-03-25 23:14:55",1092859,11.83,65.91,11.74,65.72
"2026-03-25 23:14:56",1092860,11.77,65.92,11.74,65.7
"2026-03-25 23:14:57",1092861,11.84,65.9,11.69,65.71
"2026-03-25 23:14:58",1092862,11.8,65.93,11.74,65.8
"2026-03-25 23:14:59",1092863,11.81,65.95,11.71,65.72
"2026-03-25 23:15:00",1092864,11.8,66.0,11.67,65.75
"2026-03-25 23:15:01",1092865,11.85,65.96,11.68,65.76
"2026-03-25 23:15:02",1092866,11.78,65.96,11.74,65.69
"2026-03-25 23:15:03",1092867,11.82,66.04,11.72,65.8
"2026-03-25 23:15:04",1092868,11.82,65.99,11.67,65.81
"2026-03-25 23:15:05",1092869,11.8,65.98,11.73,65.77
"2026-03-25 23:15:06",1092870,11.78,65.98,11.74,65.77
"2026-03-25 23:15:07",1092871,11.8,66.04,11.76,65.78
"2026-03-25 23:15:08",1092872,11.79,66.01,11.71,65.71
"2026-03-25 23:15:09",1092873,11.82,66.07,11.72,65.78
"2026-03-25 23:15:10",1092874,11.79,66.05,11.7,65.84
"2026-03-25 23:15:11",1092875,11.8,66.01,11.7,65.82
"2026-03-25 23:15:12",1092876,11.73,66.03,11.73,65.87
"2026-03-25 23:15:13",1092877,11.72,66.01,11.75,65.86
"2026-03-25 23:15:14",1092878,11.78,66.0,11.72,65.86
"2026-03-25 23:15:15",1092879,11.81,66.13,11.72,65.82
"2026-03-25 23:15:16",1092880,11.77,66.1,11.73,65.85
"2026-03-25 23:15:17",1092881,11.79,66.11,11.7,65.84
"2026-03-25 23:15:18",1092882,11.79,66.09,11.72,65.93
"2026-03-25 23:15:19",1092883,11.81,66.09,11.7,65.92
"2026-03-25 23:15:20",1092884,11.76,66.07,11.65,65.92
"2026-03-25 23:15:21",1092885,11.77,66.09,11.72,65.91
"2026-03-25 23:15:22",1092886,11.79,66.05,11.72,65.92
"2026-03-25 23:15:23",1092887,11.78,66.15,11.67,65.88
"2026-03-25 23:15:24",1092888,11.78,66.11,11.68,65.96
"2026-03-25 23:15:25",1092889,11.81,66.14,11.67,65.93
"2026-03-25 23:15:26",1092890,11.81,66.08,11.73,65.97
"2026-03-25 23:15:27",1092891,11.76,66.09,11.72,65.95
"2026-03-25 23:15:28",1092892,11.81,66.12,11.7,66.0
"2026-03-25 23:15:29",1092893,11.77,66.13,11.75,65.97
"2026-03-25 23:15:30",1092894,11.75,66.09,11.67,65.96
"2026-03-25 23:15:31",1092895,11.69,66.11,11.7,65.94
"2026-03-25 23:15:32",1092896,11.8,66.16,11.7,65.96
"2026-03-25 23:15:33",1092897,11.74,66.19,11.68,65.99
"2026-03-25 23:15:34",1092898,11.78,66.21,11.69,66.04
"2026-03-25 23:15:35",1092899,11.7,66.13,11.7,66.02
"2026-03-25 23:15:36",1092900,11.81,66.25,11.74,66.04
"2026-03-25 23:15:37",1092901,11.76,66.16,11.68,66.01
"2026-03-25 23:15:38",1092902,11.69,66.2,11.75,66.02
"2026-03-25 23:15:39",1092903,11.72,66.21,11.72,66.01
"2026-03-25 23:15:40",1092904,11.74,66.26,11.67,66.0
"2026-03-25 23:15:41",1092905,11.71,66.23,11.73,65.97
"2026-03-25 23:15:42",1092906,11.7,66.25,11.76,65.97
"2026-03-25 23:15:43",1092907,11.68,66.19,11.65,66.0
"2026-03-25 23:15:44",1092908,11.76,66.25,11.74,66.0
"2026-03-25 23:15:45",1092909,11.72,66.19,11.64,66.01
"2026-03-25 23:15:46",1092910,11.72,66.25,11.75,66.02
"2026-03-25 23:15:47",1092911,11.74,66.25,11.68,65.99
"2026-03-25 23:15:48",1092912,11.78,66.26,11.7,65.98
"2026-03-25 23:15:49",1092913,11.74,66.27,11.69,66.0
"2026-03-25 23:15:50",1092914,11.79,66.25,11.67,66.03
"2026-03-25 23:15:51",1092915,11.73,66.25,11.74,66.03
"2026-03-25 23:15:52",1092916,11.79,66.2,11.73,66.02
"2026-03-25 23:15:53",1092917,11.77,66.23,11.67,66.04
"2026-03-25 23:15:54",1092918,11.74,66.23,11.72,66.01
"2026-03-25 23:15:55",1092919,11.75,66.25,11.69,66.0
"2026-03-25 23:15:56",1092920,11.7,66.22,11.66,66.0
"2026-03-25 23:15:57",1092921,11.74,66.24,11.63,65.99
"2026-03-25 23:15:58",1092922,11.74,66.21,11.69,66.02
"2026-03-25 23:15:59",1092923,11.74,66.23,11.71,66.0
"2026-03-25 23:16:00",1092924,11.69,66.24,11.68,66.03
"2026-03-25 23:16:01",1092925,11.69,66.21,11.69,66.03
"2026-03-25 23:16:02",1092926,11.7,66.22,11.72,66.03
"2026-03-25 23:16:03",1092927,11.7,66.24,11.67,66.01
"2026-03-25 23:16:04",1092928,11.71,66.25,11.67,66.02
"2026-03-25 23:16:05",1092929,11.74,66.2,11.72,66.01
"2026-03-25 23:16:06",1092930,11.74,66.24,11.74,66.05
"2026-03-25 23:16:07",1092931,11.79,66.19,11.64,66.05
"2026-03-25 23:16:08",1092932,11.78,66.24,11.72,65.97
"2026-03-25 23:16:09",1092933,11.77,66.18,11.71,66.0
"2026-03-25 23:16:10",1092934,11.74,66.18,11.67,66.0
"2026-03-25 23:16:11",1092935,11.75,66.14,11.68,65.98
"2026-03-25 23:16:12",1092936,11.75,66.21,11.7,66.0
"2026-03-25 23:16:13",1092937,11.75,66.16,11.63,66.04
"2026-03-25 23:16:14",1092938,11.78,66.22,11.65,65.99
"2026-03-25 23:16:15",1092939,11.73,66.17,11.64,66.0
"2026-03-25 23:16:16",1092940,11.71,66.22,11.66,66.02
"2026-03-25 23:16:17",1092941,11.66,66.2,11.62,66.04
"2026-03-25 23:16:18",1092942,11.73,66.19,11.65,66.05
"2026-03-25 23:16:19",1092943,11.71,66.18,11.66,66.0
"2026-03-25 23:16:20",1092944,11.76,66.22,11.63,66.0
"2026-03-25 23:16:21",1092945,11.7,66.22,11.69,65.98
"2026-03-25 23:16:22",1092946,11.7,66.2,11.65,66.01
"2026-03-25 23:16:23",1092947,11.73,66.18,11.68,66.01
"2026-03-25 23:16:24",1092948,11.75,66.21,11.69,66.02
"2026-03-25 23:16:25",1092949,11.68,66.22,11.66,66.04
"2026-03-25 23:16:26",1092950,11.7,66.2,11.69,66.06
"2026-03-25 23:16:27",1092951,11.72,66.19,11.6,66.03
"2026-03-25 23:16:28",1092952,11.74,66.19,11.67,66.02
"2026-03-25 23:16:29",1092953,11.74,66.19,11.67,66.05
"2026-03-25 23:16:30",1092954,11.73,66.15,11.64,66.02
"2026-03-25 23:16:31",1092955,11.78,66.2,11.68,66.02
"2026-03-25 23:16:32",1092956,11.76,66.16,11.71,66.08
"2026-03-25 23:16:33",1092957,11.78,66.22,11.62,66.06
"2026-03-25 23:16:34",1092958,11.72,66.16,11.7,66.11
"2026-03-25 23:16:35",1092959,11.74,66.2,11.58,66.06
"2026-03-25 23:16:36",1092960,11.63,66.17,11.7,66.05
"2026-03-25 23:16:37",1092961,11.7,66.21,11.65,66.05
"2026-03-25 23:16:38",1092962,11.71,66.21,11.67,66.07
"2026-03-25 23:16:39",1092963,11.72,66.21,11.66,66.11
"2026-03-25 23:16:40",1092964,11.66,66.2,11.62,66.09
"2026-03-25 23:16:41",1092965,11.72,66.2,11.64,66.03
"2026-03-25 23:16:42",1092966,11.75,66.19,11.65,66.12
"2026-03-25 23:16:43",1092967,11.72,66.13,11.61,66.05
"2026-03-25 23:16:44",1092968,11.76,66.2,11.66,66.02
"2026-03-25 23:16:45",1092969,11.7,66.22,11.64,66.04
"2026-03-25 23:16:46",1092970,11.71,66.22,11.63,66.07
"2026-03-25 23:16:47",1092971,11.69,66.24,11.67,66.08
"2026-03-25 23:16:48",1092972,11.66,66.22,11.58,66.13
"2026-03-25 23:16:49",1092973,11.72,66.25,11.57,66.08
"2026-03-25 23:16:50",1092974,11.75,66.21,11.69,66.06
"2026-03-25 23:16:51",1092975,11.75,66.17,11.59,66.03
"2026-03-25 23:16:52",1092976,11.74,66.13,11.65,66.03
"2026-03-25 23:16:53",1092977,11.75,66.13,11.58,65.99
"2026-03-25 23:16:54",1092978,11.71,66.16,11.61,66.01
"2026-03-25 23:16:55",1092979,11.67,66.15,11.65,66.03
"2026-03-25 23:16:56",1092980,11.62,66.14,11.62,65.93
"2026-03-25 23:16:57",1092981,11.67,66.13,11.59,65.93
"2026-03-25 23:16:58",1092982,11.64,66.11,11.67,65.88
"2026-03-25 23:16:59",1092983,11.68,66.01,11.59,65.92
"2026-03-25 23:17:00",1092984,11.66,65.99,11.64,65.9
"2026-03-25 23:17:01",1092985,11.75,66.02,11.6,65.9
"2026-03-25 23:17:02",1092986,11.69,65.9,11.63,65.88
"2026-03-25 23:17:03",1092987,11.71,65.91,11.68,65.79
"2026-03-25 23:17:04",1092988,11.73,65.89,11.62,65.81
"2026-03-25 23:17:05",1092989,11.76,65.91,11.6,65.74
"2026-03-25 23:17:06",1092990,11.68,65.81,11.62,65.74
"2026-03-25 23:17:07",1092991,11.73,65.74,11.58,65.63
"2026-03-25 23:17:08",1092992,11.72,65.78,11.63,65.64
"2026-03-25 23:17:09",1092993,11.7,65.66,11.69,65.6
"2026-03-25 23:17:10",1092994,11.7,65.66,11.69,65.6
"2026-03-25 23:17:11",1092995,11.74,65.64,11.68,65.58
"2026-03-25 23:17:12",1092996,11.75,65.6,11.64,65.54
"2026-03-25 23:17:13",1092997,11.72,65.55,11.6,65.53
"2026-03-25 23:17:14",1092998,11.66,65.56,11.68,65.52
"2026-03-25 23:17:15",1092999,11.65,65.47,11.6,65.5
"2026-03-25 23:17:16",1093000,11.73,65.48,11.64,65.49
"2026-03-25 23:17:17",1093001,11.7,65.43,11.62,65.45
"2026-03-25 23:17:18",1093002,11.69,65.48,11.54,65.5
"2026-03-25 23:17:19",1093003,11.72,65.41,11.67,65.38
"2026-03-25 23:17:20",1093004,11.77,65.39,11.63,65.35
"2026-03-25 23:17:21",1093005,11.72,65.41,11.66,65.29
"2026-03-25 23:17:22",1093006,11.75,65.36,11.63,65.39
"2026-03-25 23:17:23",1093007,11.75,65.3,11.72,65.3
"2026-03-25 23:17:24",1093008,11.76,65.27,11.63,65.34
"2026-03-25 23:17:25",1093009,11.71,65.32,11.63,65.29
"2026-03-25 23:17:26",1093010,11.72,65.29,11.66,65.35
"2026-03-25 23:17:27",1093011,11.75,65.38,11.64,65.3
"2026-03-25 23:17:28",1093012,11.75,65.34,11.67,65.33
"2026-03-25 23:17:29",1093013,11.77,65.33,11.64,65.26
"2026-03-25 23:17:30",1093014,11.78,65.28,11.67,65.26
"2026-03-25 23:17:31",1093015,11.73,65.2,11.63,65.28
"2026-03-25 23:17:32",1093016,11.77,65.17,11.64,65.19
"2026-03-25 23:17:33",1093017,11.71,65.18,11.67,65.23
"2026-03-25 23:17:34",1093018,11.72,65.19,11.67,65.23
"2026-03-25 23:17:35",1093019,11.72,65.22,11.65,65.18
"2026-03-25 23:17:36",1093020,11.7,65.21,11.67,65.16
"2026-03-25 23:17:37",1093021,11.71,65.17,11.67,65.14
"2026-03-25 23:17:38",1093022,11.72,65.16,11.62,65.23
"2026-03-25 23:17:39",1093023,11.67,65.09,11.66,65.18
"2026-03-25 23:17:40",1093024,11.71,65.1,11.59,65.13
"2026-03-25 23:17:41",1093025,11.77,65.06,11.69,65.07
"2026-03-25 23:17:42",1093026,11.71,65.06,11.68,65.09
"2026-03-25 23:17:43",1093027,11.74,65.08,11.7,65.14
"2026-03-25 23:17:44",1093028,11.75,65.09,11.69,65.09
"2026-03-25 23:17:45",1093029,11.73,65.06,11.64,65.09
"2026-03-25 23:17:46",1093030,11.75,65.14,11.71,65.08
"2026-03-25 23:17:47",1093031,11.74,65.02,11.68,65.06
"2026-03-25 23:17:48",1093032,11.74,65.01,11.62,65.05
"2026-03-25 23:17:49",1093033,11.74,65.03,11.73,65.04
"2026-03-25 23:17:50",1093034,11.76,65.0,11.68,65.05
"2026-03-25 23:17:51",1093035,11.76,65.01,11.65,65.03
"2026-03-25 23:17:52",1093036,11.79,64.95,11.67,65.05
"2026-03-25 23:17:53",1093037,11.81,64.97,11.66,65.05
"2026-03-25 23:17:54",1093038,11.8,64.94,11.63,65.0
"2026-03-25 23:17:55",1093039,11.75,64.91,11.69,65.04
"2026-03-25 23:17:56",1093040,11.76,64.93,11.67,65.05
"2026-03-25 23:17:57",1093041,11.7,64.94,11.71,64.96
"2026-03-25 23:17:58",1093042,11.81,64.94,11.67,64.96
"2026-03-25 23:17:59",1093043,11.76,64.89,11.64,64.99
"2026-03-25 23:18:00",1093044,11.78,64.91,11.69,65.0
"2026-03-25 23:18:01",1093045,11.73,64.92,11.66,64.95
"2026-03-25 23:18:02",1093046,11.71,64.91,11.68,64.96
"2026-03-25 23:18:03",1093047,11.75,64.87,11.68,64.92
"2026-03-25 23:18:04",1093048,11.76,64.83,11.63,64.91
"2026-03-25 23:18:05",1093049,11.68,64.82,11.7,64.91
"2026-03-25 23:18:06",1093050,11.68,64.82,11.7,64.91
"2026-03-25 23:18:07",1093051,11.74,64.85,11.66,64.94
"2026-03-25 23:18:08",1093052,11.78,64.78,11.66,64.9
"2026-03-25 23:18:09",1093053,11.77,64.8,11.72,64.9
"2026-03-25 23:18:10",1093054,11.71,64.73,11.59,64.88
"2026-03-25 23:18:11",1093055,11.76,64.76,11.68,64.86
"2026-03-25 23:18:12",1093056,11.74,64.71,11.68,64.9
"2026-03-25 23:18:13",1093057,11.75,64.74,11.67,64.89
"2026-03-25 23:18:14",1093058,11.69,64.84,11.72,64.89
"2026-03-25 23:18:15",1093059,11.82,64.72,11.71,64.88
"2026-03-25 23:18:16",1093060,11.74,64.75,11.71,64.87
"2026-03-25 23:18:17",1093061,11.69,64.76,11.67,64.91
"2026-03-25 23:18:18",1093062,11.72,64.78,11.69,64.93
"2026-03-25 23:18:19",1093063,11.75,64.84,11.68,64.89
"2026-03-25 23:18:20",1093064,11.67,64.79,11.6,64.97
"2026-03-25 23:18:21",1093065,11.77,64.84,11.69,64.94
"2026-03-25 23:18:22",1093066,11.71,64.82,11.67,64.99
"2026-03-25 23:18:23",1093067,11.79,64.87,11.71,64.94
"2026-03-25 23:18:24",1093068,11.76,64.86,11.69,64.96
"2026-03-25 23:18:25",1093069,11.8,64.89,11.74,64.98
"2026-03-25 23:18:26",1093070,11.72,64.82,11.65,64.98
"2026-03-25 23:18:27",1093071,11.77,64.84,11.69,64.93
"2026-03-25 23:18:28",1093072,11.75,64.91,11.67,65.01
"2026-03-25 23:18:29",1093073,11.76,64.91,11.69,65.03
"2026-03-25 23:18:30",1093074,11.79,64.93,11.66,65.09
"2026-03-25 23:18:31",1093075,11.76,64.92,11.69,65.06
"2026-03-25 23:18:32",1093076,11.81,64.99,11.69,65.1
"2026-03-25 23:18:33",1093077,11.73,65.0,11.65,65.09
"2026-03-25 23:18:34",1093078,11.8,65.0,11.66,65.09
"2026-03-25 23:18:35",1093079,11.74,64.99,11.67,65.18
"2026-03-25 23:18:36",1093080,11.73,65.09,11.73,65.18
"2026-03-25 23:18:37",1093081,11.73,65.09,11.73,65.18
"2026-03-25 23:18:38",1093082,11.75,65.09,11.71,65.21
"2026-03-25 23:18:39",1093083,11.74,65.17,11.68,65.2
"2026-03-25 23:18:40",1093084,11.78,65.17,11.68,65.27
"2026-03-25 23:18:41",1093085,11.77,65.13,11.67,65.23
"2026-03-25 23:18:42",1093086,11.78,65.24,11.71,65.3
"2026-03-25 23:18:43",1093087,11.77,65.18,11.66,65.3
"2026-03-25 23:18:44",1093088,11.74,65.28,11.7,65.33
"2026-03-25 23:18:45",1093089,11.74,65.28,11.7,65.33
"2026-03-25 23:18:46",1093090,11.74,65.25,11.64,65.39
"2026-03-25 23:18:47",1093091,11.67,65.29,11.66,65.41
"2026-03-25 23:18:48",1093092,11.77,65.31,11.67,65.45
"2026-03-25 23:18:49",1093093,11.81,65.4,11.66,65.46
"2026-03-25 23:18:50",1093094,11.71,65.45,11.7,65.42
"2026-03-25 23:18:51",1093095,11.71,65.45,11.7,65.42
"2026-03-25 23:18:52",1093096,11.77,65.49,11.68,65.43
"2026-03-25 23:18:53",1093097,11.76,65.47,11.69,65.48
"2026-03-25 23:18:54",1093098,11.71,65.51,11.74,65.49
"2026-03-25 23:18:55",1093099,11.7,65.5,11.69,65.5
"2026-03-25 23:18:56",1093100,11.77,65.55,11.71,65.55
"2026-03-25 23:18:57",1093101,11.77,65.68,11.66,65.57
"2026-03-25 23:18:58",1093102,11.77,65.68,11.66,65.57
"2026-03-25 23:18:59",1093103,11.75,65.65,11.67,65.55
"2026-03-25 23:19:00",1093104,11.74,65.64,11.7,65.58
"2026-03-25 23:19:01",1093105,11.76,65.68,11.71,65.57
"2026-03-25 23:19:02",1093106,11.77,65.65,11.67,65.62
"2026-03-25 23:19:03",1093107,11.77,65.68,11.75,65.61
"2026-03-25 23:19:04",1093108,11.77,65.72,11.72,65.74
"2026-03-25 23:19:05",1093109,11.73,65.72,11.67,65.61
"2026-03-25 23:19:06",1093110,11.74,65.77,11.64,65.61
"2026-03-25 23:19:07",1093111,11.7,65.71,11.67,65.64
"2026-03-25 23:19:08",1093112,11.76,65.79,11.62,65.65
"2026-03-25 23:19:09",1093113,11.74,65.74,11.72,65.7
"2026-03-25 23:19:10",1093114,11.71,65.79,11.7,65.66
"2026-03-25 23:19:11",1093115,11.69,65.81,11.64,65.71
"2026-03-25 23:19:12",1093116,11.77,65.83,11.7,65.72
"2026-03-25 23:19:13",1093117,11.73,65.89,11.69,65.75
"2026-03-25 23:19:14",1093118,11.73,65.89,11.69,65.75
"2026-03-25 23:19:15",1093119,11.71,65.82,11.67,65.73
"2026-03-25 23:19:16",1093120,11.79,65.85,11.68,65.71
"2026-03-25 23:19:17",1093121,11.73,65.85,11.71,65.78
"2026-03-25 23:19:18",1093122,11.76,65.86,11.66,65.8
"2026-03-25 23:19:19",1093123,11.76,65.97,11.71,65.81
"2026-03-25 23:19:20",1093124,11.76,65.97,11.71,65.81
"2026-03-25 23:19:21",1093125,11.76,65.98,11.66,65.83
"2026-03-25 23:19:22",1093126,11.77,65.93,11.67,65.83
"2026-03-25 23:19:23",1093127,11.79,66.05,11.64,65.88
"2026-03-25 23:19:24",1093128,11.78,66.06,11.64,65.89
"2026-03-25 23:19:25",1093129,11.74,66.01,11.72,65.92
"2026-03-25 23:19:26",1093130,11.76,66.05,11.65,65.95
"2026-03-25 23:19:27",1093131,11.77,66.0,11.68,65.93
"2026-03-25 23:19:28",1093132,11.75,66.05,11.65,65.98
"2026-03-25 23:19:29",1093133,11.75,66.04,11.61,65.95
"2026-03-25 23:19:30",1093134,11.72,66.15,11.66,65.93
"2026-03-25 23:19:31",1093135,11.71,66.16,11.64,65.94
"2026-03-25 23:19:32",1093136,11.68,66.19,11.66,65.95
"2026-03-25 23:19:33",1093137,11.67,66.12,11.68,66.06
"2026-03-25 23:19:34",1093138,11.67,66.19,11.64,66.02
"2026-03-25 23:19:35",1093139,11.69,66.18,11.7,66.0
"2026-03-25 23:19:36",1093140,11.69,66.25,11.64,66.07
"2026-03-25 23:19:37",1093141,11.73,66.28,11.65,66.11
"2026-03-25 23:19:38",1093142,11.73,66.25,11.66,66.05
"2026-03-25 23:19:39",1093143,11.77,66.29,11.63,66.07
"2026-03-25 23:19:40",1093144,11.72,66.27,11.64,66.07
"2026-03-25 23:19:41",1093145,11.69,66.27,11.64,66.09
"2026-03-25 23:19:42",1093146,11.71,66.3,11.65,66.13
"2026-03-25 23:19:43",1093147,11.72,66.31,11.68,66.17
"2026-03-25 23:19:44",1093148,11.69,66.46,11.66,66.2
"2026-03-25 23:19:45",1093149,11.69,66.46,11.66,66.2
"2026-03-25 23:19:46",1093150,11.72,66.39,11.64,66.14
"2026-03-25 23:19:47",1093151,11.75,66.39,11.57,66.17
"2026-03-25 23:19:48",1093152,11.74,66.4,11.65,66.15
"2026-03-25 23:19:49",1093153,11.72,66.44,11.64,66.29
"2026-03-25 23:19:50",1093154,11.69,66.4,11.66,66.26
"2026-03-25 23:19:51",1093155,11.68,66.4,11.67,66.26
"2026-03-25 23:19:52",1093156,11.69,66.38,11.63,66.22
"2026-03-25 23:19:53",1093157,11.69,66.48,11.66,66.24
"2026-03-25 23:19:54",1093158,11.71,66.47,11.62,66.29
"2026-03-25 23:19:55",1093159,11.72,66.52,11.64,66.24
"2026-03-25 23:19:56",1093160,11.69,66.49,11.58,66.26
"2026-03-25 23:19:57",1093161,11.75,66.52,11.59,66.31
"2026-03-25 23:19:58",1093162,11.73,66.53,11.69,66.25
"2026-03-25 23:19:59",1093163,11.69,66.51,11.62,66.31
"2026-03-25 23:20:00",1093164,11.64,66.56,11.62,66.33
"2026-03-25 23:20:01",1093165,11.7,66.58,11.71,66.33
"2026-03-25 23:20:02",1093166,11.7,66.61,11.59,66.33
"2026-03-25 23:20:03",1093167,11.73,66.57,11.66,66.3
"2026-03-25 23:20:04",1093168,11.63,66.52,11.61,66.41
"2026-03-25 23:20:05",1093169,11.66,66.61,11.61,66.35
"2026-03-25 23:20:06",1093170,11.64,66.53,11.67,66.41
"2026-03-25 23:20:07",1093171,11.65,66.56,11.6,66.42
"2026-03-25 23:20:08",1093172,11.67,66.57,11.64,66.41
"2026-03-25 23:20:09",1093173,11.71,66.59,11.64,66.39
"2026-03-25 23:20:10",1093174,11.7,66.54,11.57,66.38
"2026-03-25 23:20:11",1093175,11.71,66.52,11.63,66.36
"2026-03-25 23:20:12",1093176,11.68,66.51,11.64,66.37
"2026-03-25 23:20:13",1093177,11.71,66.6,11.62,66.39
"2026-03-25 23:20:14",1093178,11.63,66.64,11.65,66.4
"2026-03-25 23:20:15",1093179,11.65,66.6,11.61,66.4
"2026-03-25 23:20:16",1093180,11.62,66.65,11.62,66.45
"2026-03-25 23:20:17",1093181,11.7,66.65,11.53,66.47
"2026-03-25 23:20:18",1093182,11.7,66.69,11.6,66.45
"2026-03-25 23:20:19",1093183,11.64,66.71,11.59,66.47
"2026-03-25 23:20:20",1093184,11.7,66.71,11.61,66.43
"2026-03-25 23:20:21",1093185,11.68,66.68,11.61,66.43
"2026-03-25 23:20:22",1093186,11.69,66.59,11.56,66.45
"2026-03-25 23:20:23",1093187,11.64,66.7,11.62,66.44
"2026-03-25 23:20:24",1093188,11.64,66.71,11.57,66.45
"2026-03-25 23:20:25",1093189,11.67,66.69,11.53,66.45
"2026-03-25 23:20:26",1093190,11.66,66.75,11.62,66.4
"2026-03-25 23:20:27",1093191,11.68,66.71,11.55,66.45
"2026-03-25 23:20:28",1093192,11.68,66.74,11.63,66.46
"2026-03-25 23:20:29",1093193,11.68,66.74,11.63,66.47
"2026-03-25 23:20:30",1093194,11.65,66.76,11.6,66.46
"2026-03-25 23:20:31",1093195,11.62,66.74,11.54,66.48
"2026-03-25 23:20:32",1093196,11.62,66.76,11.62,66.5
"2026-03-25 23:20:33",1093197,11.63,66.81,11.56,66.46
"2026-03-25 23:20:34",1093198,11.64,66.72,11.6,66.49
"2026-03-25 23:20:35",1093199,11.66,66.73,11.55,66.53
"2026-03-25 23:20:36",1093200,11.63,66.74,11.57,66.48
"2026-03-25 23:20:37",1093201,11.7,66.74,11.55,66.51
"2026-03-25 23:20:38",1093202,11.66,66.73,11.62,66.49
"2026-03-25 23:20:39",1093203,11.62,66.76,11.56,66.51
"2026-03-25 23:20:40",1093204,11.63,66.75,11.6,66.53
"2026-03-25 23:20:41",1093205,11.64,66.76,11.56,66.52
"2026-03-25 23:20:42",1093206,11.61,66.81,11.5,66.53
"2026-03-25 23:20:43",1093207,11.59,66.78,11.54,66.53
"2026-03-25 23:20:44",1093208,11.6,66.82,11.6,66.58
"2026-03-25 23:20:45",1093209,11.63,66.74,11.57,66.52
"2026-03-25 23:20:46",1093210,11.67,66.82,11.59,66.58
"2026-03-25 23:20:47",1093211,11.59,66.8,11.63,66.51
"2026-03-25 23:20:48",1093212,11.64,66.83,11.55,66.61
"2026-03-25 23:20:49",1093213,11.61,66.77,11.61,66.48
"2026-03-25 23:20:50",1093214,11.64,66.85,11.57,66.59
"2026-03-25 23:20:51",1093215,11.6,66.9,11.58,66.53
"2026-03-25 23:20:52",1093216,11.6,66.9,11.58,66.56
"2026-03-25 23:20:53",1093217,11.63,66.78,11.6,66.55
"2026-03-25 23:20:54",1093218,11.67,66.86,11.52,66.59
"2026-03-25 23:20:55",1093219,11.65,66.82,11.56,66.57
"2026-03-25 23:20:56",1093220,11.66,66.84,11.61,66.57
"2026-03-25 23:20:57",1093221,11.61,66.82,11.55,66.57
"2026-03-25 23:20:58",1093222,11.58,66.9,11.56,66.53
"2026-03-25 23:20:59",1093223,11.61,66.85,11.59,66.64
"2026-03-25 23:21:00",1093224,11.61,66.85,11.59,66.64
"2026-03-25 23:21:01",1093225,11.56,66.9,11.55,66.64
"2026-03-25 23:21:02",1093226,11.61,66.93,11.64,66.57
"2026-03-25 23:21:03",1093227,11.6,66.87,11.61,66.59
"2026-03-25 23:21:04",1093228,11.59,66.86,11.56,66.6
"2026-03-25 23:21:05",1093229,11.61,66.87,11.59,66.54
"2026-03-25 23:21:06",1093230,11.67,66.87,11.53,66.58
"2026-03-25 23:21:07",1093231,11.65,66.9,11.54,66.58
"2026-03-25 23:21:08",1093232,11.67,66.89,11.58,66.57
"2026-03-25 23:21:09",1093233,11.59,66.86,11.6,66.61
"2026-03-25 23:21:10",1093234,11.62,66.96,11.55,66.64
"2026-03-25 23:21:11",1093235,11.57,66.95,11.61,66.59
"2026-03-25 23:21:12",1093236,11.6,66.97,11.58,66.61
"2026-03-25 23:21:13",1093237,11.64,66.94,11.54,66.58
"2026-03-25 23:21:14",1093238,11.65,67.0,11.61,66.69
"2026-03-25 23:21:15",1093239,11.65,67.0,11.56,66.62
"2026-03-25 23:21:16",1093240,11.69,67.03,11.57,66.65
"2026-03-25 23:21:17",1093241,11.65,67.01,11.59,66.69
"2026-03-25 23:21:18",1093242,11.63,67.01,11.53,66.68
"2026-03-25 23:21:19",1093243,11.6,66.99,11.55,66.71
"2026-03-25 23:21:20",1093244,11.61,66.99,11.64,66.7
"2026-03-25 23:21:21",1093245,11.63,66.95,11.57,66.66
"2026-03-25 23:21:22",1093246,11.65,66.98,11.55,66.74
"2026-03-25 23:21:23",1093247,11.68,67.0,11.55,66.73
"2026-03-25 23:21:24",1093248,11.67,67.02,11.54,66.67
"2026-03-25 23:21:25",1093249,11.67,67.02,11.52,66.74
"2026-03-25 23:21:26",1093250,11.59,66.98,11.56,66.75
"2026-03-25 23:21:27",1093251,11.59,66.98,11.56,66.75
"2026-03-25 23:21:28",1093252,11.62,66.95,11.57,66.77
"2026-03-25 23:21:29",1093253,11.58,66.92,11.57,66.79
"2026-03-25 23:21:30",1093254,11.63,66.95,11.53,66.64
"2026-03-25 23:21:31",1093255,11.61,66.96,11.6,66.7
"2026-03-25 23:21:32",1093256,11.61,66.96,11.6,66.7
"2026-03-25 23:21:33",1093257,11.59,66.9,11.64,66.7
"2026-03-25 23:21:34",1093258,11.59,66.9,11.64,66.7
"2026-03-25 23:21:35",1093259,11.67,66.88,11.58,66.66
"2026-03-25 23:21:36",1093260,11.61,66.9,11.55,66.65
"2026-03-25 23:21:37",1093261,11.59,66.92,11.58,66.71
"2026-03-25 23:21:38",1093262,11.61,66.9,11.54,66.66
"2026-03-25 23:21:39",1093263,11.61,66.9,11.53,66.66
"2026-03-25 23:21:40",1093264,11.64,66.82,11.52,66.61
"2026-03-25 23:21:41",1093265,11.59,66.89,11.54,66.67
"2026-03-25 23:21:42",1093266,11.68,66.87,11.6,66.72
"2026-03-25 23:21:43",1093267,11.66,66.81,11.55,66.68
"2026-03-25 23:21:44",1093268,11.59,66.86,11.57,66.7
"2026-03-25 23:21:45",1093269,11.57,66.86,11.64,66.64
"2026-03-25 23:21:46",1093270,11.59,66.94,11.58,66.69
"2026-03-25 23:21:47",1093271,11.63,66.95,11.56,66.61
"2026-03-25 23:21:48",1093272,11.62,66.94,11.56,66.59
"2026-03-25 23:21:49",1093273,11.65,66.92,11.58,66.68
"2026-03-25 23:21:50",1093274,11.65,66.95,11.6,66.67
"2026-03-25 23:21:51",1093275,11.69,66.91,11.56,66.72
"2026-03-25 23:21:52",1093276,11.63,66.85,11.58,66.74
"2026-03-25 23:21:53",1093277,11.6,66.97,11.6,66.76
"2026-03-25 23:21:54",1093278,11.54,66.97,11.58,66.69
"2026-03-25 23:21:55",1093279,11.59,66.99,11.56,66.69
"2026-03-25 23:21:56",1093280,11.65,66.98,11.44,66.68
"2026-03-25 23:21:57",1093281,11.65,66.96,11.58,66.71
"2026-03-25 23:21:58",1093282,11.63,66.88,11.57,66.66
"2026-03-25 23:21:59",1093283,11.6,66.92,11.52,66.62
"2026-03-25 23:22:00",1093284,11.66,66.9,11.54,66.67
"2026-03-25 23:22:01",1093285,11.68,66.89,11.57,66.72
"2026-03-25 23:22:02",1093286,11.63,66.89,11.51,66.68
"2026-03-25 23:22:03",1093287,11.58,66.89,11.56,66.67
"2026-03-25 23:22:04",1093288,11.69,66.9,11.48,66.68
"2026-03-25 23:22:05",1093289,11.65,66.91,11.54,66.76
"2026-03-25 23:22:06",1093290,11.62,66.87,11.61,66.75
"2026-03-25 23:22:07",1093291,11.64,66.9,11.5,66.69
"2026-03-25 23:22:08",1093292,11.6,66.95,11.56,66.75
"2026-03-25 23:22:09",1093293,11.58,66.92,11.54,66.76
"2026-03-25 23:22:10",1093294,11.57,66.97,11.56,66.74
"2026-03-25 23:22:11",1093295,11.62,67.02,11.56,66.74
"2026-03-25 23:22:12",1093296,11.66,67.02,11.53,66.67
"2026-03-25 23:22:13",1093297,11.64,67.06,11.57,66.84
"2026-03-25 23:22:14",1093298,11.57,67.03,11.59,66.83
"2026-03-25 23:22:15",1093299,11.67,67.08,11.52,66.8
"2026-03-25 23:22:16",1093300,11.65,67.07,11.55,66.85
"2026-03-25 23:22:17",1093301,11.61,67.12,11.57,66.85
"2026-03-25 23:22:18",1093302,11.59,67.15,11.53,66.83
"2026-03-25 23:22:19",1093303,11.61,67.13,11.59,66.88
"2026-03-25 23:22:20",1093304,11.58,67.15,11.5,66.88
"2026-03-25 23:22:21",1093305,11.65,67.11,11.55,66.94
"2026-03-25 23:22:22",1093306,11.65,67.18,11.58,66.91
"2026-03-25 23:22:23",1093307,11.66,67.15,11.54,66.9
"2026-03-25 23:22:24",1093308,11.65,67.14,11.52,66.84
"2026-03-25 23:22:25",1093309,11.6,67.15,11.61,66.93
"2026-03-25 23:22:26",1093310,11.62,67.17,11.51,66.88
"2026-03-25 23:22:27",1093311,11.65,67.18,11.55,66.86
"2026-03-25 23:22:28",1093312,11.62,67.19,11.56,66.89
"2026-03-25 23:22:29",1093313,11.62,67.19,11.59,66.93
"2026-03-25 23:22:30",1093314,11.61,67.18,11.51,67.03
"2026-03-25 23:22:31",1093315,11.62,67.19,11.59,66.94
"2026-03-25 23:22:32",1093316,11.58,67.16,11.47,66.89
"2026-03-25 23:22:33",1093317,11.65,67.16,11.55,66.98
"2026-03-25 23:22:34",1093318,11.64,67.16,11.53,66.95
"2026-03-25 23:22:35",1093319,11.6,67.23,11.51,66.91
"2026-03-25 23:22:36",1093320,11.6,67.24,11.49,66.92
"2026-03-25 23:22:37",1093321,11.58,67.25,11.55,66.96
"2026-03-25 23:22:38",1093322,11.62,67.25,11.5,67.03
"2026-03-25 23:22:39",1093323,11.62,67.2,11.51,66.98
"2026-03-25 23:22:40",1093324,11.65,67.22,11.51,66.94
"2026-03-25 23:22:41",1093325,11.62,67.23,11.55,67.06
"2026-03-25 23:22:42",1093326,11.61,67.22,11.52,66.94
"2026-03-25 23:22:43",1093327,11.6,67.24,11.57,66.96
"2026-03-25 23:22:44",1093328,11.62,67.24,11.51,67.01
"2026-03-25 23:22:45",1093329,11.63,67.29,11.55,67.03
"2026-03-25 23:22:46",1093330,11.64,67.33,11.56,66.98
"2026-03-25 23:22:47",1093331,11.65,67.28,11.53,67.02
"2026-03-25 23:22:48",1093332,11.66,67.31,11.5,66.92
"2026-03-25 23:22:49",1093333,11.66,67.28,11.56,66.96
"2026-03-25 23:22:50",1093334,11.61,67.29,11.48,67.07
"2026-03-25 23:22:51",1093335,11.62,67.3,11.5,67.02
"2026-03-25 23:22:52",1093336,11.6,67.36,11.5,67.0
"2026-03-25 23:22:53",1093337,11.59,67.41,11.56,67.06
"2026-03-25 23:22:54",1093338,11.64,67.33,11.53,67.11
"2026-03-25 23:22:55",1093339,11.6,67.32,11.52,67.12
"2026-03-25 23:22:56",1093340,11.66,67.35,11.56,67.12
"2026-03-25 23:22:57",1093341,11.59,67.44,11.58,67.15
"2026-03-25 23:22:58",1093342,11.66,67.42,11.48,67.1
"2026-03-25 23:22:59",1093343,11.6,67.46,11.54,67.13
"2026-03-25 23:23:00",1093344,11.67,67.46,11.55,67.09
"2026-03-25 23:23:01",1093345,11.63,67.47,11.53,67.24
"2026-03-25 23:23:02",1093346,11.6,67.47,11.58,67.18
"2026-03-25 23:23:03",1093347,11.55,67.46,11.51,67.2
"2026-03-25 23:23:04",1093348,11.59,67.44,11.52,67.18
"2026-03-25 23:23:05",1093349,11.58,67.45,11.56,67.14
"2026-03-25 23:23:06",1093350,11.58,67.47,11.49,67.19
"2026-03-25 23:23:07",1093351,11.62,67.49,11.52,67.16
"2026-03-25 23:23:08",1093352,11.62,67.49,11.6,67.17
"2026-03-25 23:23:09",1093353,11.61,67.55,11.51,67.19
"2026-03-25 23:23:10",1093354,11.61,67.52,11.51,67.2
"2026-03-25 23:23:11",1093355,11.58,67.51,11.54,67.17
"2026-03-25 23:23:12",1093356,11.59,67.5,11.5,67.2
"2026-03-25 23:23:13",1093357,11.59,67.44,11.53,67.2
"2026-03-25 23:23:14",1093358,11.56,67.4,11.53,67.15
"2026-03-25 23:23:15",1093359,11.58,67.39,11.53,67.2
"2026-03-25 23:23:16",1093360,11.57,67.41,11.48,67.22
"2026-03-25 23:23:17",1093361,11.55,67.39,11.52,67.21
"2026-03-25 23:23:18",1093362,11.59,67.39,11.51,67.19
"2026-03-25 23:23:19",1093363,11.56,67.41,11.49,67.15
"2026-03-25 23:23:20",1093364,11.64,67.4,11.52,67.15
"2026-03-25 23:23:21",1093365,11.59,67.41,11.55,67.16
"2026-03-25 23:23:22",1093366,11.58,67.43,11.5,67.18
"2026-03-25 23:23:23",1093367,11.61,67.45,11.51,67.16
"2026-03-25 23:23:24",1093368,11.6,67.44,11.52,67.19
"2026-03-25 23:23:25",1093369,11.57,67.43,11.5,67.21
"2026-03-25 23:23:26",1093370,11.63,67.45,11.5,67.14
"2026-03-25 23:23:27",1093371,11.65,67.46,11.51,67.16
"2026-03-25 23:23:28",1093372,11.6,67.43,11.52,67.19
"2026-03-25 23:23:29",1093373,11.57,67.36,11.49,67.14
"2026-03-25 23:23:30",1093374,11.57,67.41,11.54,67.19
"2026-03-25 23:23:31",1093375,11.56,67.41,11.46,67.14
"2026-03-25 23:23:32",1093376,11.56,67.39,11.5,67.14
"2026-03-25 23:23:33",1093377,11.6,67.41,11.48,67.21
"2026-03-25 23:23:34",1093378,11.61,67.38,11.51,67.18
"2026-03-25 23:23:35",1093379,11.59,67.34,11.46,67.15
"2026-03-25 23:23:36",1093380,11.54,67.34,11.47,67.15
"2026-03-25 23:23:37",1093381,11.6,67.35,11.49,67.2
"2026-03-25 23:23:38",1093382,11.56,67.35,11.44,67.11
"2026-03-25 23:23:39",1093383,11.56,67.36,11.48,67.19
"2026-03-25 23:23:40",1093384,11.53,67.42,11.46,67.21
"2026-03-25 23:23:41",1093385,11.59,67.38,11.45,67.23
"2026-03-25 23:23:42",1093386,11.57,67.44,11.48,67.25
"2026-03-25 23:23:43",1093387,11.54,67.39,11.53,67.24
"2026-03-25 23:23:44",1093388,11.61,67.4,11.5,67.15
"2026-03-25 23:23:45",1093389,11.56,67.43,11.46,67.26
"2026-03-25 23:23:46",1093390,11.51,67.4,11.46,67.25
"2026-03-25 23:23:47",1093391,11.54,67.36,11.5,67.25
"2026-03-25 23:23:48",1093392,11.49,67.32,11.5,67.23
"2026-03-25 23:23:49",1093393,11.59,67.37,11.48,67.2
"2026-03-25 23:23:50",1093394,11.59,67.34,11.47,67.21
"2026-03-25 23:23:51",1093395,11.62,67.34,11.45,67.24
"2026-03-25 23:23:52",1093396,11.51,67.37,11.46,67.17
"2026-03-25 23:23:53",1093397,11.57,67.38,11.47,67.17
"2026-03-25 23:23:54",1093398,11.52,67.3,11.46,67.17
"2026-03-25 23:23:55",1093399,11.55,67.37,11.51,67.12
"2026-03-25 23:23:56",1093400,11.53,67.25,11.51,67.07
"2026-03-25 23:23:57",1093401,11.62,67.26,11.46,67.13
"2026-03-25 23:23:58",1093402,11.54,67.27,11.45,67.09
"2026-03-25 23:23:59",1093403,11.58,67.22,11.47,67.13
"2026-03-25 23:24:00",1093404,11.49,67.29,11.45,67.09
"2026-03-25 23:24:01",1093405,11.57,67.29,11.51,67.11
"2026-03-25 23:24:02",1093406,11.58,67.31,11.43,67.06
"2026-03-25 23:24:03",1093407,11.59,67.28,11.43,67.12
"2026-03-25 23:24:04",1093408,11.55,67.27,11.45,67.08
"2026-03-25 23:24:05",1093409,11.64,67.24,11.46,67.07
"2026-03-25 23:24:06",1093410,11.58,67.3,11.41,67.1
"2026-03-25 23:24:07",1093411,11.53,67.29,11.5,67.11
"2026-03-25 23:24:08",1093412,11.57,67.21,11.49,67.07
"2026-03-25 23:24:09",1093413,11.6,67.29,11.44,67.16
"2026-03-25 23:24:10",1093414,11.57,67.31,11.46,67.06
"2026-03-25 23:24:11",1093415,11.56,67.35,11.46,67.14
"2026-03-25 23:24:12",1093416,11.55,67.37,11.49,67.2
"2026-03-25 23:24:13",1093417,11.56,67.41,11.47,67.15
"2026-03-25 23:24:14",1093418,11.56,67.4,11.49,67.2
"2026-03-25 23:24:15",1093419,11.55,67.38,11.42,67.17
"2026-03-25 23:24:16",1093420,11.55,67.37,11.43,67.16
"2026-03-25 23:24:17",1093421,11.56,67.43,11.47,67.14
"2026-03-25 23:24:18",1093422,11.57,67.43,11.51,67.23
"2026-03-25 23:24:19",1093423,11.53,67.43,11.52,67.25
"2026-03-25 23:24:20",1093424,11.58,67.46,11.47,67.2
"2026-03-25 23:24:21",1093425,11.58,67.51,11.5,67.24
"2026-03-25 23:24:22",1093426,11.54,67.48,11.53,67.25
"2026-03-25 23:24:23",1093427,11.58,67.52,11.47,67.27
"2026-03-25 23:24:24",1093428,11.58,67.49,11.51,67.27
"2026-03-25 23:24:25",1093429,11.56,67.51,11.49,67.27
"2026-03-25 23:24:26",1093430,11.53,67.53,11.5,67.32
"2026-03-25 23:24:27",1093431,11.58,67.52,11.46,67.36
"2026-03-25 23:24:28",1093432,11.53,67.55,11.48,67.34
"2026-03-25 23:24:29",1093433,11.54,67.58,11.42,67.41
"2026-03-25 23:24:30",1093434,11.61,67.54,11.48,67.31
"2026-03-25 23:24:31",1093435,11.52,67.62,11.48,67.29
"2026-03-25 23:24:32",1093436,11.56,67.55,11.42,67.37
"2026-03-25 23:24:33",1093437,11.53,67.59,11.44,67.29
"2026-03-25 23:24:34",1093438,11.51,67.55,11.49,67.32
"2026-03-25 23:24:35",1093439,11.52,67.61,11.48,67.34
"2026-03-25 23:24:36",1093440,11.49,67.58,11.49,67.37
"2026-03-25 23:24:37",1093441,11.6,67.59,11.48,67.35
"2026-03-25 23:24:38",1093442,11.51,67.62,11.47,67.41
"2026-03-25 23:24:39",1093443,11.53,67.58,11.45,67.34
"2026-03-25 23:24:40",1093444,11.51,67.61,11.49,67.34
"2026-03-25 23:24:41",1093445,11.49,67.62,11.43,67.3
"2026-03-25 23:24:42",1093446,11.5,67.54,11.46,67.32
"2026-03-25 23:24:43",1093447,11.49,67.57,11.51,67.35
"2026-03-25 23:24:44",1093448,11.55,67.54,11.45,67.33
"2026-03-25 23:24:45",1093449,11.49,67.49,11.41,67.3
"2026-03-25 23:24:46",1093450,11.55,67.52,11.44,67.31
"2026-03-25 23:24:47",1093451,11.5,67.46,11.47,67.26
"2026-03-25 23:24:48",1093452,11.49,67.41,11.48,67.19
"2026-03-25 23:24:49",1093453,11.53,67.45,11.47,67.17
"2026-03-25 23:24:50",1093454,11.55,67.46,11.45,67.24
"2026-03-25 23:24:51",1093455,11.59,67.42,11.46,67.14
"2026-03-25 23:24:52",1093456,11.47,67.34,11.42,67.15
"2026-03-25 23:24:53",1093457,11.46,67.31,11.44,67.21
"2026-03-25 23:24:54",1093458,11.52,67.34,11.43,67.08
"2026-03-25 23:24:55",1093459,11.49,67.25,11.44,67.06
"2026-03-25 23:24:56",1093460,11.48,67.2,11.42,67.01
"2026-03-25 23:24:57",1093461,11.47,67.13,11.46,67.04
"2026-03-25 23:24:58",1093462,11.58,67.14,11.45,67.0
"2026-03-25 23:24:59",1093463,11.5,67.06,11.44,66.88
"2026-03-25 23:25:00",1093464,11.48,67.02,11.41,66.85
"2026-03-25 23:25:01",1093465,11.51,66.99,11.44,66.86
"2026-03-25 23:25:02",1093466,11.49,66.98,11.44,66.82
"2026-03-25 23:25:03",1093467,11.51,66.94,11.42,66.8
"2026-03-25 23:25:04",1093468,11.55,66.91,11.4,66.73
"2026-03-25 23:25:05",1093469,11.54,66.87,11.43,66.72
"2026-03-25 23:25:06",1093470,11.52,66.89,11.44,66.68
"2026-03-25 23:25:07",1093471,11.52,66.84,11.43,66.65
"2026-03-25 23:25:08",1093472,11.48,66.85,11.44,66.72
"2026-03-25 23:25:09",1093473,11.46,66.88,11.48,66.7
"2026-03-25 23:25:10",1093474,11.52,66.84,11.38,66.69
"2026-03-25 23:25:11",1093475,11.53,66.86,11.39,66.56
"2026-03-25 23:25:12",1093476,11.56,66.83,11.39,66.6
"2026-03-25 23:25:13",1093477,11.49,66.79,11.42,66.63
"2026-03-25 23:25:14",1093478,11.5,66.76,11.44,66.6
"2026-03-25 23:25:15",1093479,11.48,66.73,11.46,66.58
"2026-03-25 23:25:16",1093480,11.53,66.75,11.47,66.54
"2026-03-25 23:25:17",1093481,11.51,66.75,11.45,66.6
"2026-03-25 23:25:18",1093482,11.54,66.7,11.48,66.52
"2026-03-25 23:25:19",1093483,11.54,66.74,11.41,66.56
"2026-03-25 23:25:20",1093484,11.53,66.72,11.39,66.51
"2026-03-25 23:25:21",1093485,11.59,66.69,11.43,66.51
"2026-03-25 23:25:22",1093486,11.52,66.73,11.45,66.54
"2026-03-25 23:25:23",1093487,11.52,66.7,11.47,66.51
"2026-03-25 23:25:24",1093488,11.52,66.69,11.49,66.45
"2026-03-25 23:25:25",1093489,11.53,66.66,11.45,66.47
"2026-03-25 23:25:26",1093490,11.55,66.7,11.41,66.46
"2026-03-25 23:25:27",1093491,11.55,66.67,11.48,66.46
"2026-03-25 23:25:28",1093492,11.58,66.67,11.42,66.49
"2026-03-25 23:25:29",1093493,11.55,66.66,11.49,66.46
"2026-03-25 23:25:30",1093494,11.58,66.64,11.5,66.43
"2026-03-25 23:25:31",1093495,11.53,66.66,11.45,66.44
"2026-03-25 23:25:32",1093496,11.53,66.63,11.51,66.39
"2026-03-25 23:25:33",1093497,11.55,66.63,11.49,66.42
"2026-03-25 23:25:34",1093498,11.63,66.62,11.47,66.4
"2026-03-25 23:25:35",1093499,11.59,66.71,11.46,66.42
"2026-03-25 23:25:36",1093500,11.61,66.58,11.49,66.39
"2026-03-25 23:25:37",1093501,11.56,66.62,11.46,66.43
"2026-03-25 23:25:38",1093502,11.6,66.63,11.49,66.4
"2026-03-25 23:25:39",1093503,11.54,66.57,11.51,66.38
"2026-03-25 23:25:40",1093504,11.54,66.57,11.48,66.38
"2026-03-25 23:25:41",1093505,11.53,66.58,11.47,66.38
"2026-03-25 23:25:42",1093506,11.56,66.57,11.51,66.32
"2026-03-25 23:25:43",1093507,11.58,66.6,11.48,66.31
"2026-03-25 23:25:44",1093508,11.57,66.54,11.49,66.34
"2026-03-25 23:25:45",1093509,11.58,66.59,11.52,66.38
"2026-03-25 23:25:46",1093510,11.55,66.59,11.46,66.38
"2026-03-25 23:25:47",1093511,11.57,66.62,11.48,66.37
"2026-03-25 23:25:48",1093512,11.54,66.6,11.55,66.37
"2026-03-25 23:25:49",1093513,11.64,66.54,11.5,66.31
"2026-03-25 23:25:50",1093514,11.56,66.6,11.49,66.35
"2026-03-25 23:25:51",1093515,11.55,66.56,11.49,66.36
"2026-03-25 23:25:52",1093516,11.56,66.57,11.51,66.36
"2026-03-25 23:25:53",1093517,11.56,66.61,11.48,66.37
"2026-03-25 23:25:54",1093518,11.61,66.64,11.51,66.36
"2026-03-25 23:25:55",1093519,11.59,66.61,11.52,66.34
"2026-03-25 23:25:56",1093520,11.57,66.65,11.46,66.35
"2026-03-25 23:25:57",1093521,11.56,66.65,11.49,66.39
"2026-03-25 23:25:58",1093522,11.55,66.61,11.53,66.37
"2026-03-25 23:25:59",1093523,11.58,66.64,11.46,66.41
"2026-03-25 23:26:00",1093524,11.58,66.63,11.52,66.4
"2026-03-25 23:26:01",1093525,11.56,66.67,11.55,66.41
"2026-03-25 23:26:02",1093526,11.53,66.61,11.53,66.43
"2026-03-25 23:26:03",1093527,11.57,66.67,11.55,66.42
"2026-03-25 23:26:04",1093528,11.55,66.66,11.48,66.42
"2026-03-25 23:26:05",1093529,11.62,66.59,11.49,66.43
"2026-03-25 23:26:06",1093530,11.57,66.61,11.5,66.41
"2026-03-25 23:26:07",1093531,11.61,66.65,11.54,66.39
"2026-03-25 23:26:08",1093532,11.64,66.62,11.48,66.38
"2026-03-25 23:26:09",1093533,11.59,66.61,11.51,66.33
"2026-03-25 23:26:10",1093534,11.55,66.61,11.56,66.41
"2026-03-25 23:26:11",1093535,11.57,66.6,11.44,66.42
"2026-03-25 23:26:12",1093536,11.55,66.63,11.46,66.35
"2026-03-25 23:26:13",1093537,11.55,66.58,11.54,66.37
"2026-03-25 23:26:14",1093538,11.59,66.61,11.47,66.4
"2026-03-25 23:26:15",1093539,11.58,66.61,11.48,66.36
"2026-03-25 23:26:16",1093540,11.61,66.65,11.5,66.32
"2026-03-25 23:26:17",1093541,11.56,66.62,11.49,66.36
"2026-03-25 23:26:18",1093542,11.52,66.52,11.52,66.32
"2026-03-25 23:26:19",1093543,11.56,66.58,11.53,66.3
"2026-03-25 23:26:20",1093544,11.53,66.53,11.53,66.29
"2026-03-25 23:26:21",1093545,11.55,66.52,11.52,66.3
"2026-03-25 23:26:22",1093546,11.56,66.47,11.53,66.23
"2026-03-25 23:26:23",1093547,11.62,66.46,11.51,66.24
"2026-03-25 23:26:24",1093548,11.54,66.44,11.52,66.23
"2026-03-25 23:26:25",1093549,11.59,66.44,11.5,66.23
"2026-03-25 23:26:26",1093550,11.6,66.39,11.51,66.18
"2026-03-25 23:26:27",1093551,11.57,66.42,11.48,66.13
"2026-03-25 23:26:28",1093552,11.53,66.4,11.49,66.17
"2026-03-25 23:26:29",1093553,11.5,66.31,11.5,66.09
"2026-03-25 23:26:30",1093554,11.54,66.26,11.53,66.01
"2026-03-25 23:26:31",1093555,11.57,66.24,11.48,66.03
"2026-03-25 23:26:32",1093556,11.51,66.2,11.49,65.99
"2026-03-25 23:26:33",1093557,11.51,66.2,11.48,65.98
"2026-03-25 23:26:34",1093558,11.55,66.15,11.51,65.93
"2026-03-25 23:26:35",1093559,11.58,66.16,11.48,65.83
"2026-03-25 23:26:36",1093560,11.53,66.11,11.46,65.89
"2026-03-25 23:26:37",1093561,11.54,66.01,11.44,65.84
"2026-03-25 23:26:38",1093562,11.55,66.03,11.47,65.73
"2026-03-25 23:26:39",1093563,11.56,66.01,11.45,65.73
"2026-03-25 23:26:40",1093564,11.58,65.95,11.55,65.69
"2026-03-25 23:26:41",1093565,11.52,65.92,11.47,65.67
"2026-03-25 23:26:42",1093566,11.57,65.9,11.44,65.68
"2026-03-25 23:26:43",1093567,11.54,65.91,11.41,65.63
"2026-03-25 23:26:44",1093568,11.51,65.83,11.45,65.6
"2026-03-25 23:26:45",1093569,11.54,65.79,11.45,65.56
"2026-03-25 23:26:46",1093570,11.49,65.7,11.41,65.53
"2026-03-25 23:26:47",1093571,11.56,65.74,11.45,65.53
"2026-03-25 23:26:48",1093572,11.6,65.76,11.45,65.52
"2026-03-25 23:26:49",1093573,11.55,65.69,11.45,65.45
"2026-03-25 23:26:50",1093574,11.56,65.67,11.48,65.45
"2026-03-25 23:26:51",1093575,11.59,65.69,11.52,65.44
"2026-03-25 23:26:52",1093576,11.55,65.66,11.45,65.38
"2026-03-25 23:26:53",1093577,11.55,65.57,11.42,65.4
"2026-03-25 23:26:54",1093578,11.52,65.55,11.45,65.37
"2026-03-25 23:26:55",1093579,11.49,65.55,11.45,65.32
"2026-03-25 23:26:56",1093580,11.58,65.53,11.47,65.31
"2026-03-25 23:26:57",1093581,11.53,65.5,11.53,65.34
"2026-03-25 23:26:58",1093582,11.57,65.49,11.46,65.28
"2026-03-25 23:26:59",1093583,11.5,65.45,11.45,65.27
"2026-03-25 23:27:00",1093584,11.61,65.47,11.46,65.24
"2026-03-25 23:27:01",1093585,11.51,65.43,11.45,65.22
"2026-03-25 23:27:02",1093586,11.52,65.4,11.49,65.25
"2026-03-25 23:27:03",1093587,11.48,65.38,11.48,65.2
"2026-03-25 23:27:04",1093588,11.59,65.32,11.49,65.22
"2026-03-25 23:27:05",1093589,11.56,65.3,11.42,65.2
"2026-03-25 23:27:06",1093590,11.55,65.27,11.47,65.16
"2026-03-25 23:27:07",1093591,11.52,65.23,11.49,65.15
"2026-03-25 23:27:08",1093592,11.53,65.26,11.53,65.14
"2026-03-25 23:27:09",1093593,11.55,65.21,11.44,65.11
"2026-03-25 23:27:10",1093594,11.53,65.24,11.46,65.12
"2026-03-25 23:27:11",1093595,11.56,65.15,11.49,65.09
"2026-03-25 23:27:12",1093596,11.52,65.14,11.47,65.11
"2026-03-25 23:27:13",1093597,11.59,65.1,11.47,65.07
"2026-03-25 23:27:14",1093598,11.5,65.09,11.53,65.02
"2026-03-25 23:27:15",1093599,11.51,65.04,11.43,65.0
"2026-03-25 23:27:16",1093600,11.56,65.04,11.48,64.99
"2026-03-25 23:27:17",1093601,11.53,65.1,11.45,64.98
"2026-03-25 23:27:18",1093602,11.56,64.94,11.45,64.96
"2026-03-25 23:27:19",1093603,11.53,64.95,11.48,64.91
"2026-03-25 23:27:20",1093604,11.59,64.92,11.45,64.95
"2026-03-25 23:27:21",1093605,11.58,64.95,11.45,64.91
"2026-03-25 23:27:22",1093606,11.55,64.85,11.46,64.91
"2026-03-25 23:27:23",1093607,11.56,64.88,11.46,64.85
"2026-03-25 23:27:24",1093608,11.56,64.86,11.48,64.89
"2026-03-25 23:27:25",1093609,11.54,64.76,11.51,64.92
"2026-03-25 23:27:26",1093610,11.52,64.8,11.51,64.83
"2026-03-25 23:27:27",1093611,11.56,64.74,11.51,64.8
"2026-03-25 23:27:28",1093612,11.57,64.8,11.54,64.81
"2026-03-25 23:27:29",1093613,11.56,64.77,11.47,64.82
"2026-03-25 23:27:30",1093614,11.67,64.75,11.52,64.83
"2026-03-25 23:27:31",1093615,11.64,64.75,11.44,64.79
"2026-03-25 23:27:32",1093616,11.58,64.73,11.5,64.79
"2026-03-25 23:27:33",1093617,11.54,64.69,11.49,64.77
"2026-03-25 23:27:34",1093618,11.57,64.7,11.48,64.82
"2026-03-25 23:27:35",1093619,11.56,64.62,11.48,64.78
"2026-03-25 23:27:36",1093620,11.52,64.7,11.51,64.72
"2026-03-25 23:27:37",1093621,11.57,64.63,11.53,64.72
"2026-03-25 23:27:38",1093622,11.56,64.6,11.49,64.7
"2026-03-25 23:27:39",1093623,11.57,64.66,11.44,64.68
"2026-03-25 23:27:40",1093624,11.56,64.6,11.53,64.73
"2026-03-25 23:27:41",1093625,11.67,64.62,11.47,64.66
"2026-03-25 23:27:42",1093626,11.54,64.59,11.45,64.66
"2026-03-25 23:27:43",1093627,11.61,64.55,11.51,64.66
"2026-03-25 23:27:44",1093628,11.53,64.57,11.51,64.65
"2026-03-25 23:27:45",1093629,11.55,64.53,11.53,64.67
"2026-03-25 23:27:46",1093630,11.6,64.53,11.49,64.67
"2026-03-25 23:27:47",1093631,11.56,64.56,11.45,64.65
"2026-03-25 23:27:48",1093632,11.58,64.48,11.55,64.68
"2026-03-25 23:27:49",1093633,11.57,64.59,11.49,64.63
"2026-03-25 23:27:50",1093634,11.6,64.52,11.46,64.64
"2026-03-25 23:27:51",1093635,11.58,64.52,11.52,64.62
"2026-03-25 23:27:52",1093636,11.66,64.52,11.5,64.67
"2026-03-25 23:27:53",1093637,11.62,64.55,11.52,64.64
"2026-03-25 23:27:54",1093638,11.61,64.55,11.56,64.62
"2026-03-25 23:27:55",1093639,11.58,64.54,11.55,64.62
"2026-03-25 23:27:56",1093640,11.56,64.48,11.52,64.62
"2026-03-25 23:27:57",1093641,11.56,64.53,11.46,64.57
"2026-03-25 23:27:58",1093642,11.53,64.51,11.51,64.55
"2026-03-25 23:27:59",1093643,11.58,64.45,11.55,64.57
"2026-03-25 23:28:00",1093644,11.59,64.43,11.5,64.6
"2026-03-25 23:28:01",1093645,11.59,64.51,11.49,64.58
"2026-03-25 23:28:02",1093646,11.6,64.5,11.58,64.57
"2026-03-25 23:28:03",1093647,11.67,64.48,11.51,64.6
"2026-03-25 23:28:04",1093648,11.63,64.46,11.51,64.53
"2026-03-25 23:28:05",1093649,11.63,64.48,11.56,64.57
"2026-03-25 23:28:06",1093650,11.57,64.46,11.53,64.54
"2026-03-25 23:28:07",1093651,11.59,64.46,11.48,64.53
"2026-03-25 23:28:08",1093652,11.56,64.48,11.52,64.62
"2026-03-25 23:28:09",1093653,11.6,64.51,11.5,64.58
"2026-03-25 23:28:10",1093654,11.59,64.51,11.51,64.55
"2026-03-25 23:28:11",1093655,11.63,64.47,11.49,64.63
"2026-03-25 23:28:12",1093656,11.62,64.47,11.51,64.61
"2026-03-25 23:28:13",1093657,11.58,64.51,11.55,64.57
"2026-03-25 23:28:14",1093658,11.58,64.51,11.48,64.6
"2026-03-25 23:28:15",1093659,11.61,64.5,11.52,64.62
"2026-03-25 23:28:16",1093660,11.6,64.52,11.57,64.62
"2026-03-25 23:28:17",1093661,11.61,64.54,11.54,64.6
"2026-03-25 23:28:18",1093662,11.6,64.55,11.52,64.62
"2026-03-25 23:28:19",1093663,11.59,64.6,11.58,64.64
"2026-03-25 23:28:20",1093664,11.59,64.52,11.52,64.63
"2026-03-25 23:28:21",1093665,11.64,64.55,11.5,64.59
"2026-03-25 23:28:22",1093666,11.55,64.54,11.55,64.63
"2026-03-25 23:28:23",1093667,11.63,64.61,11.56,64.64
"2026-03-25 23:28:24",1093668,11.62,64.58,11.56,64.66
"2026-03-25 23:28:25",1093669,11.62,64.6,11.53,64.64
"2026-03-25 23:28:26",1093670,11.63,64.61,11.54,64.64
"2026-03-25 23:28:27",1093671,11.58,64.61,11.56,64.65
"2026-03-25 23:28:28",1093672,11.56,64.7,11.52,64.66
"2026-03-25 23:28:29",1093673,11.57,64.7,11.53,64.64
"2026-03-25 23:28:30",1093674,11.56,64.62,11.52,64.63
"2026-03-25 23:28:31",1093675,11.61,64.65,11.52,64.67
"2026-03-25 23:28:32",1093676,11.6,64.64,11.55,64.72
"2026-03-25 23:28:33",1093677,11.61,64.64,11.56,64.73
"2026-03-25 23:28:34",1093678,11.65,64.68,11.55,64.71
"2026-03-25 23:28:35",1093679,11.55,64.74,11.59,64.7
"2026-03-25 23:28:36",1093680,11.62,64.71,11.6,64.74
"2026-03-25 23:28:37",1093681,11.57,64.7,11.55,64.71
"2026-03-25 23:28:38",1093682,11.57,64.66,11.52,64.72
"2026-03-25 23:28:39",1093683,11.62,64.78,11.59,64.74
"2026-03-25 23:28:40",1093684,11.6,64.75,11.57,64.82
"2026-03-25 23:28:41",1093685,11.66,64.74,11.51,64.82
"2026-03-25 23:28:42",1093686,11.68,64.82,11.56,64.84
"2026-03-25 23:28:43",1093687,11.69,64.83,11.55,64.83
"2026-03-25 23:28:44",1093688,11.6,64.83,11.55,64.87
"2026-03-25 23:28:45",1093689,11.63,64.86,11.54,64.82
"2026-03-25 23:28:46",1093690,11.59,64.83,11.58,64.78
"2026-03-25 23:28:47",1093691,11.58,64.85,11.51,64.79
"2026-03-25 23:28:48",1093692,11.6,64.77,11.54,64.85
"2026-03-25 23:28:49",1093693,11.52,64.9,11.52,64.81
"2026-03-25 23:28:50",1093694,11.63,64.93,11.53,64.86
"2026-03-25 23:28:51",1093695,11.58,64.91,11.53,64.82
"2026-03-25 23:28:52",1093696,11.61,64.91,11.52,64.83
"2026-03-25 23:28:53",1093697,11.56,64.84,11.52,64.79
"2026-03-25 23:28:54",1093698,11.63,64.88,11.52,64.82
"2026-03-25 23:28:55",1093699,11.57,64.84,11.52,64.79
"2026-03-25 23:28:56",1093700,11.6,64.87,11.58,64.86
"2026-03-25 23:28:57",1093701,11.56,64.88,11.57,64.82
"2026-03-25 23:28:58",1093702,11.61,64.9,11.6,64.81
"2026-03-25 23:28:59",1093703,11.61,64.89,11.54,64.83
"2026-03-25 23:29:00",1093704,11.59,64.9,11.55,64.87
"2026-03-25 23:29:01",1093705,11.64,64.87,11.53,64.81
"2026-03-25 23:29:02",1093706,11.61,64.87,11.55,64.83
"2026-03-25 23:29:03",1093707,11.6,64.88,11.52,64.84
"2026-03-25 23:29:04",1093708,11.56,64.86,11.6,64.78
"2026-03-25 23:29:05",1093709,11.62,64.87,11.56,64.83
"2026-03-25 23:29:06",1093710,11.6,64.9,11.51,64.9
"2026-03-25 23:29:07",1093711,11.61,64.88,11.51,64.81
"2026-03-25 23:29:08",1093712,11.63,64.91,11.58,64.82
"2026-03-25 23:29:09",1093713,11.64,64.91,11.51,64.83
"2026-03-25 23:29:10",1093714,11.59,64.94,11.54,64.78
"2026-03-25 23:29:11",1093715,11.57,64.92,11.52,64.81
"2026-03-25 23:29:12",1093716,11.62,64.93,11.5,64.89
"2026-03-25 23:29:13",1093717,11.63,64.97,11.5,64.9
"2026-03-25 23:29:14",1093718,11.55,64.92,11.6,64.89
"2026-03-25 23:29:15",1093719,11.61,64.94,11.53,64.85
"2026-03-25 23:29:16",1093720,11.62,64.97,11.58,64.87
"2026-03-25 23:29:17",1093721,11.59,64.96,11.55,64.91
"2026-03-25 23:29:18",1093722,11.53,64.95,11.5,64.91
"2026-03-25 23:29:19",1093723,11.6,65.02,11.48,64.96
"2026-03-25 23:29:20",1093724,11.56,65.01,11.6,64.94
"2026-03-25 23:29:21",1093725,11.59,65.08,11.53,64.95
"2026-03-25 23:29:22",1093726,11.59,65.06,11.57,64.99
"2026-03-25 23:29:23",1093727,11.61,65.14,11.55,64.96
"2026-03-25 23:29:24",1093728,11.63,65.09,11.51,64.98
"2026-03-25 23:29:25",1093729,11.61,65.11,11.49,64.98
"2026-03-25 23:29:26",1093730,11.65,65.07,11.56,65.0
"2026-03-25 23:29:27",1093731,11.59,65.1,11.49,65.02
"2026-03-25 23:29:28",1093732,11.6,65.15,11.6,65.04
"2026-03-25 23:29:29",1093733,11.58,65.14,11.53,65.05
"2026-03-25 23:29:30",1093734,11.6,65.11,11.51,65.08
"2026-03-25 23:29:31",1093735,11.61,65.25,11.55,65.08
"2026-03-25 23:29:32",1093736,11.63,65.19,11.58,65.07
"2026-03-25 23:29:33",1093737,11.65,65.27,11.51,65.07
"2026-03-25 23:29:34",1093738,11.65,65.26,11.51,65.06
"2026-03-25 23:29:35",1093739,11.64,65.28,11.54,65.09
"2026-03-25 23:29:36",1093740,11.58,65.26,11.49,65.13
"2026-03-25 23:29:37",1093741,11.56,65.23,11.54,65.11
"2026-03-25 23:29:38",1093742,11.56,65.29,11.54,65.19
"2026-03-25 23:29:39",1093743,11.59,65.36,11.5,65.07
"2026-03-25 23:29:40",1093744,11.66,65.38,11.51,65.17
"2026-03-25 23:29:41",1093745,11.59,65.37,11.48,65.16
"2026-03-25 23:29:42",1093746,11.61,65.39,11.47,65.23
"2026-03-25 23:29:43",1093747,11.59,65.38,11.49,65.2
"2026-03-25 23:29:44",1093748,11.57,65.37,11.54,65.22
"2026-03-25 23:29:45",1093749,11.57,65.45,11.57,65.25
"2026-03-25 23:29:46",1093750,11.54,65.4,11.55,65.23
"2026-03-25 23:29:47",1093751,11.64,65.42,11.45,65.23
"2026-03-25 23:29:48",1093752,11.6,65.39,11.53,65.28
"2026-03-25 23:29:49",1093753,11.62,65.4,11.49,65.25
"2026-03-25 23:29:50",1093754,11.56,65.44,11.5,65.28
"2026-03-25 23:29:51",1093755,11.55,65.45,11.52,65.2
"2026-03-25 23:29:52",1093756,11.56,65.45,11.5,65.27
"2026-03-25 23:29:53",1093757,11.56,65.45,11.51,65.23
"2026-03-25 23:29:54",1093758,11.62,65.43,11.55,65.26
"2026-03-25 23:29:55",1093759,11.55,65.46,11.49,65.29
"2026-03-25 23:29:56",1093760,11.6,65.46,11.5,65.24
"2026-03-25 23:29:57",1093761,11.56,65.51,11.52,65.25
"2026-03-25 23:29:58",1093762,11.56,65.49,11.48,65.28
"2026-03-25 23:29:59",1093763,11.54,65.53,11.47,65.33
"2026-03-25 23:30:00",1093764,11.54,65.53,11.52,65.32
"2026-03-25 23:30:01",1093765,11.55,65.48,11.48,65.31
"2026-03-25 23:30:02",1093766,11.54,65.58,11.5,65.39
"2026-03-25 23:30:03",1093767,11.53,65.54,11.54,65.39
"2026-03-25 23:30:04",1093768,11.56,65.56,11.47,65.31
"2026-03-25 23:30:05",1093769,11.61,65.63,11.48,65.37
"2026-03-25 23:30:06",1093770,11.53,65.7,11.49,65.4
"2026-03-25 23:30:07",1093771,11.58,65.64,11.49,65.41
"2026-03-25 23:30:08",1093772,11.57,65.6,11.52,65.39
"2026-03-25 23:30:09",1093773,11.56,65.57,11.56,65.41
"2026-03-25 23:30:10",1093774,11.53,65.63,11.5,65.44
"2026-03-25 23:30:11",1093775,11.49,65.65,11.51,65.43
"2026-03-25 23:30:12",1093776,11.62,65.72,11.45,65.53
"2026-03-25 23:30:13",1093777,11.55,65.74,11.46,65.49
"2026-03-25 23:30:14",1093778,11.61,65.74,11.5,65.48
"2026-03-25 23:30:15",1093779,11.49,65.7,11.48,65.42
"2026-03-25 23:30:16",1093780,11.57,65.81,11.53,65.52
"2026-03-25 23:30:17",1093781,11.52,65.75,11.51,65.56
"2026-03-25 23:30:18",1093782,11.52,65.78,11.52,65.56
"2026-03-25 23:30:19",1093783,11.57,65.78,11.51,65.54
"2026-03-25 23:30:20",1093784,11.56,65.77,11.51,65.54
"2026-03-25 23:30:21",1093785,11.6,65.79,11.52,65.53
"2026-03-25 23:30:22",1093786,11.57,65.77,11.49,65.51
"2026-03-25 23:30:23",1093787,11.55,65.78,11.44,65.48
"2026-03-25 23:30:24",1093788,11.52,65.78,11.52,65.53
"2026-03-25 23:30:25",1093789,11.5,65.81,11.5,65.56
"2026-03-25 23:30:26",1093790,11.54,65.82,11.49,65.53
"2026-03-25 23:30:27",1093791,11.53,65.83,11.5,65.54
"2026-03-25 23:30:28",1093792,11.56,65.85,11.52,65.56
"2026-03-25 23:30:29",1093793,11.56,65.84,11.49,65.54
"2026-03-25 23:30:30",1093794,11.6,65.82,11.49,65.51
"2026-03-25 23:30:31",1093795,11.5,65.79,11.48,65.48
"2026-03-25 23:30:32",1093796,11.56,65.85,11.48,65.52
"2026-03-25 23:30:33",1093797,11.54,65.83,11.51,65.54
"2026-03-25 23:30:34",1093798,11.54,65.83,11.5,65.55
"2026-03-25 23:30:35",1093799,11.51,65.83,11.45,65.56
"2026-03-25 23:30:36",1093800,11.61,65.83,11.48,65.57
"2026-03-25 23:30:37",1093801,11.57,65.83,11.47,65.56
"2026-03-25 23:30:38",1093802,11.59,65.83,11.43,65.58
"2026-03-25 23:30:39",1093803,11.56,65.83,11.44,65.57
"2026-03-25 23:30:40",1093804,11.57,65.85,11.52,65.6
"2026-03-25 23:30:41",1093805,11.52,65.83,11.46,65.64
"2026-03-25 23:30:42",1093806,11.52,65.85,11.51,65.58
"2026-03-25 23:30:43",1093807,11.52,65.86,11.49,65.58
"2026-03-25 23:30:44",1093808,11.51,65.93,11.51,65.64
"2026-03-25 23:30:45",1093809,11.5,65.89,11.47,65.54
"2026-03-25 23:30:46",1093810,11.55,65.88,11.47,65.65
"2026-03-25 23:30:47",1093811,11.58,65.88,11.42,65.6
"2026-03-25 23:30:48",1093812,11.53,65.87,11.47,65.66
"2026-03-25 23:30:49",1093813,11.55,65.83,11.49,65.67
"2026-03-25 23:30:50",1093814,11.52,65.91,11.47,65.7
"2026-03-25 23:30:51",1093815,11.52,65.94,11.48,65.67
"2026-03-25 23:30:52",1093816,11.54,65.96,11.46,65.73
"2026-03-25 23:30:53",1093817,11.54,65.92,11.5,65.68
"2026-03-25 23:30:54",1093818,11.61,65.94,11.45,65.66
"2026-03-25 23:30:55",1093819,11.52,65.97,11.41,65.7
"2026-03-25 23:30:56",1093820,11.5,65.99,11.51,65.8
"2026-03-25 23:30:57",1093821,11.52,66.04,11.46,65.77
"2026-03-25 23:30:58",1093822,11.5,66.04,11.41,65.8
"2026-03-25 23:30:59",1093823,11.47,66.06,11.45,65.74
"2026-03-25 23:31:00",1093824,11.48,66.05,11.47,65.8
"2026-03-25 23:31:01",1093825,11.52,66.15,11.44,65.78
"2026-03-25 23:31:02",1093826,11.51,66.16,11.48,65.84
"2026-03-25 23:31:03",1093827,11.52,66.14,11.43,65.79
"2026-03-25 23:31:04",1093828,11.51,66.13,11.46,65.9
"2026-03-25 23:31:05",1093829,11.57,66.16,11.51,65.95
"2026-03-25 23:31:06",1093830,11.48,66.19,11.43,65.92
"2026-03-25 23:31:07",1093831,11.5,66.17,11.37,65.89
"2026-03-25 23:31:08",1093832,11.46,66.22,11.46,65.97
"2026-03-25 23:31:09",1093833,11.51,66.27,11.42,65.96
"2026-03-25 23:31:10",1093834,11.56,66.3,11.43,66.02
"2026-03-25 23:31:11",1093835,11.48,66.3,11.46,65.99
"2026-03-25 23:31:12",1093836,11.48,66.25,11.45,66.03
"2026-03-25 23:31:13",1093837,11.48,66.3,11.46,66.11
"2026-03-25 23:31:14",1093838,11.5,66.41,11.44,66.08
"2026-03-25 23:31:15",1093839,11.49,66.38,11.4,66.06
"2026-03-25 23:31:16",1093840,11.5,66.37,11.45,66.13
"2026-03-25 23:31:17",1093841,11.54,66.43,11.41,66.11
"2026-03-25 23:31:18",1093842,11.51,66.39,11.4,66.09
"2026-03-25 23:31:19",1093843,11.47,66.45,11.43,66.19
"2026-03-25 23:31:20",1093844,11.46,66.41,11.43,66.23
"2026-03-25 23:31:21",1093845,11.51,66.44,11.47,66.17
"2026-03-25 23:31:22",1093846,11.47,66.51,11.44,66.16
"2026-03-25 23:31:23",1093847,11.5,66.5,11.51,66.24
"2026-03-25 23:31:24",1093848,11.5,66.54,11.39,66.25
"2026-03-25 23:31:25",1093849,11.47,66.6,11.4,66.22
"2026-03-25 23:31:26",1093850,11.48,66.57,11.4,66.29
"2026-03-25 23:31:27",1093851,11.49,66.66,11.47,66.31
"2026-03-25 23:31:28",1093852,11.46,66.58,11.44,66.31
"2026-03-25 23:31:29",1093853,11.47,66.65,11.43,66.38
"2026-03-25 23:31:30",1093854,11.46,66.7,11.46,66.38
"2026-03-25 23:31:31",1093855,11.5,66.71,11.44,66.38
"2026-03-25 23:31:32",1093856,11.44,66.71,11.42,66.38
"2026-03-25 23:31:33",1093857,11.49,66.76,11.4,66.41
"2026-03-25 23:31:34",1093858,11.5,66.82,11.43,66.37
"2026-03-25 23:31:35",1093859,11.53,66.86,11.44,66.48
"2026-03-25 23:31:36",1093860,11.49,66.84,11.42,66.45
"2026-03-25 23:31:37",1093861,11.48,66.88,11.41,66.49
"2026-03-25 23:31:38",1093862,11.48,66.88,11.42,66.49
"2026-03-25 23:31:39",1093863,11.42,66.85,11.45,66.56
"2026-03-25 23:31:40",1093864,11.43,66.88,11.42,66.53
"2026-03-25 23:31:41",1093865,11.49,66.89,11.4,66.5
"2026-03-25 23:31:42",1093866,11.53,66.97,11.41,66.54
"2026-03-25 23:31:43",1093867,11.49,66.93,11.42,66.58
"2026-03-25 23:31:44",1093868,11.49,66.93,11.39,66.59
"2026-03-25 23:31:45",1093869,11.47,66.96,11.36,66.58
"2026-03-25 23:31:46",1093870,11.48,66.99,11.43,66.54
"2026-03-25 23:31:47",1093871,11.47,66.96,11.4,66.6
"2026-03-25 23:31:48",1093872,11.49,67.03,11.39,66.59
"2026-03-25 23:31:49",1093873,11.53,67.04,11.4,66.56
"2026-03-25 23:31:50",1093874,11.45,67.01,11.4,66.6
"2026-03-25 23:31:51",1093875,11.46,67.03,11.4,66.62
"2026-03-25 23:31:52",1093876,11.45,66.96,11.39,66.65
"2026-03-25 23:31:53",1093877,11.5,67.0,11.4,66.64
"2026-03-25 23:31:54",1093878,11.42,67.03,11.39,66.63
"2026-03-25 23:31:55",1093879,11.42,67.09,11.37,66.71
"2026-03-25 23:31:56",1093880,11.45,67.07,11.36,66.69
"2026-03-25 23:31:57",1093881,11.47,67.04,11.37,66.64
"2026-03-25 23:31:58",1093882,11.47,67.02,11.38,66.69
"2026-03-25 23:31:59",1093883,11.48,67.07,11.39,66.73
"2026-03-25 23:32:00",1093884,11.43,67.1,11.34,66.77
"2026-03-25 23:32:01",1093885,11.42,67.1,11.4,66.76
"2026-03-25 23:32:02",1093886,11.47,67.15,11.37,66.81
"2026-03-25 23:32:03",1093887,11.45,67.14,11.38,66.78
"2026-03-25 23:32:04",1093888,11.38,67.21,11.38,66.76
"2026-03-25 23:32:05",1093889,11.41,67.16,11.39,66.79
"2026-03-25 23:32:06",1093890,11.45,67.2,11.38,66.87
"2026-03-25 23:32:07",1093891,11.44,67.3,11.41,66.88
"2026-03-25 23:32:08",1093892,11.45,67.22,11.32,66.94
"2026-03-25 23:32:09",1093893,11.4,67.15,11.34,66.93
"2026-03-25 23:32:10",1093894,11.44,67.28,11.36,66.96
"2026-03-25 23:32:11",1093895,11.42,67.34,11.36,66.93
"2026-03-25 23:32:12",1093896,11.39,67.3,11.34,66.98
"2026-03-25 23:32:13",1093897,11.49,67.31,11.34,66.99
"2026-03-25 23:32:14",1093898,11.42,67.38,11.35,67.0
"2026-03-25 23:32:15",1093899,11.41,67.4,11.32,66.99
"2026-03-25 23:32:16",1093900,11.4,67.39,11.35,67.1
"2026-03-25 23:32:17",1093901,11.4,67.41,11.36,67.03
"2026-03-25 23:32:18",1093902,11.45,67.45,11.33,67.1
"2026-03-25 23:32:19",1093903,11.41,67.45,11.33,67.07
"2026-03-25 23:32:20",1093904,11.4,67.44,11.34,67.01
"2026-03-25 23:32:21",1093905,11.39,67.5,11.32,67.12
"2026-03-25 23:32:22",1093906,11.44,67.51,11.34,67.08
"2026-03-25 23:32:23",1093907,11.37,67.53,11.36,67.1
"2026-03-25 23:32:24",1093908,11.42,67.62,11.34,67.16
"2026-03-25 23:32:25",1093909,11.37,67.54,11.33,67.16
"2026-03-25 23:32:26",1093910,11.38,67.56,11.41,67.2
"2026-03-25 23:32:27",1093911,11.37,67.57,11.34,67.18
"2026-03-25 23:32:28",1093912,11.39,67.6,11.3,67.23
"2026-03-25 23:32:29",1093913,11.39,67.62,11.29,67.26
"2026-03-25 23:32:30",1093914,11.43,67.6,11.34,67.22
"2026-03-25 23:32:31",1093915,11.39,67.63,11.35,67.29
"2026-03-25 23:32:32",1093916,11.4,67.67,11.32,67.32
"2026-03-25 23:32:33",1093917,11.35,67.7,11.33,67.31
"2026-03-25 23:32:34",1093918,11.41,67.69,11.3,67.25
"2026-03-25 23:32:35",1093919,11.4,67.7,11.3,67.3
"2026-03-25 23:32:36",1093920,11.37,67.7,11.3,67.27
"2026-03-25 23:32:37",1093921,11.36,67.65,11.31,67.37
"2026-03-25 23:32:38",1093922,11.38,67.68,11.32,67.34
"2026-03-25 23:32:39",1093923,11.38,67.67,11.3,67.43
"2026-03-25 23:32:40",1093924,11.36,67.73,11.28,67.35
"2026-03-25 23:32:41",1093925,11.36,67.79,11.26,67.37
"2026-03-25 23:32:42",1093926,11.4,67.76,11.25,67.35
"2026-03-25 23:32:43",1093927,11.36,67.72,11.31,67.4
"2026-03-25 23:32:44",1093928,11.34,67.75,11.25,67.37
"2026-03-25 23:32:45",1093929,11.34,67.71,11.24,67.4
"2026-03-25 23:32:46",1093930,11.35,67.82,11.25,67.38
"2026-03-25 23:32:47",1093931,11.36,67.76,11.3,67.41
"2026-03-25 23:32:48",1093932,11.32,67.73,11.28,67.41
"2026-03-25 23:32:49",1093933,11.36,67.76,11.26,67.4
"2026-03-25 23:32:50",1093934,11.38,67.73,11.31,67.4
"2026-03-25 23:32:51",1093935,11.34,67.76,11.28,67.4
"2026-03-25 23:32:52",1093936,11.33,67.79,11.25,67.42
"2026-03-25 23:32:53",1093937,11.3,67.8,11.3,67.4
"2026-03-25 23:32:54",1093938,11.4,67.81,11.28,67.45
"2026-03-25 23:32:55",1093939,11.32,67.85,11.25,67.48
"2026-03-25 23:32:56",1093940,11.34,67.81,11.32,67.44
"2026-03-25 23:32:57",1093941,11.35,67.87,11.29,67.5
"2026-03-25 23:32:58",1093942,11.29,67.89,11.26,67.49
"2026-03-25 23:32:59",1093943,11.32,67.92,11.3,67.47
"2026-03-25 23:33:00",1093944,11.33,67.9,11.28,67.47
"2026-03-25 23:33:01",1093945,11.35,67.91,11.21,67.59
"2026-03-25 23:33:02",1093946,11.27,67.9,11.31,67.53
"2026-03-25 23:33:03",1093947,11.33,67.9,11.3,67.56
"2026-03-25 23:33:04",1093948,11.34,68.01,11.24,67.64
"2026-03-25 23:33:05",1093949,11.31,68.03,11.25,67.63
"2026-03-25 23:33:06",1093950,11.34,67.95,11.32,67.56
"2026-03-25 23:33:07",1093951,11.37,67.98,11.27,67.62
"2026-03-25 23:33:08",1093952,11.34,68.02,11.29,67.6
"2026-03-25 23:33:09",1093953,11.28,67.99,11.27,67.63
"2026-03-25 23:33:10",1093954,11.31,67.98,11.28,67.63
"2026-03-25 23:33:11",1093955,11.34,68.05,11.28,67.67
"2026-03-25 23:33:12",1093956,11.35,68.08,11.29,67.7
"2026-03-25 23:33:13",1093957,11.36,68.05,11.29,67.69
"2026-03-25 23:33:14",1093958,11.28,68.03,11.22,67.71
"2026-03-25 23:33:15",1093959,11.36,68.08,11.27,67.71
"2026-03-25 23:33:16",1093960,11.28,68.07,11.27,67.73
"2026-03-25 23:33:17",1093961,11.33,68.11,11.22,67.73
"2026-03-25 23:33:18",1093962,11.33,68.09,11.28,67.75
"2026-03-25 23:33:19",1093963,11.32,68.14,11.27,67.74
"2026-03-25 23:33:20",1093964,11.35,68.12,11.3,67.78
"2026-03-25 23:33:21",1093965,11.34,68.12,11.29,67.74
"2026-03-25 23:33:22",1093966,11.3,68.12,11.26,67.77
"2026-03-25 23:33:23",1093967,11.37,68.14,11.23,67.76
"2026-03-25 23:33:24",1093968,11.3,68.11,11.27,67.76
"2026-03-25 23:33:25",1093969,11.3,68.16,11.27,67.76
"2026-03-25 23:33:26",1093970,11.26,68.15,11.28,67.76
"2026-03-25 23:33:27",1093971,11.29,68.18,11.26,67.84
"2026-03-25 23:33:28",1093972,11.31,68.26,11.23,67.81
"2026-03-25 23:33:29",1093973,11.28,68.17,11.28,67.78
"2026-03-25 23:33:30",1093974,11.25,68.16,11.28,67.76
"2026-03-25 23:33:31",1093975,11.29,68.21,11.2,67.77
"2026-03-25 23:33:32",1093976,11.32,68.26,11.25,67.79
"2026-03-25 23:33:33",1093977,11.32,68.25,11.23,67.83
"2026-03-25 23:33:34",1093978,11.33,68.23,11.22,67.79
"2026-03-25 23:33:35",1093979,11.3,68.3,11.25,67.82
"2026-03-25 23:33:36",1093980,11.29,68.3,11.3,67.82
"2026-03-25 23:33:37",1093981,11.33,68.28,11.28,67.86
"2026-03-25 23:33:38",1093982,11.31,68.24,11.28,67.85
"2026-03-25 23:33:39",1093983,11.31,68.35,11.23,67.82
"2026-03-25 23:33:40",1093984,11.3,68.38,11.25,67.91
"2026-03-25 23:33:41",1093985,11.26,68.37,11.23,67.86
"2026-03-25 23:33:42",1093986,11.28,68.41,11.26,67.91
"2026-03-25 23:33:43",1093987,11.33,68.46,11.26,67.94
"2026-03-25 23:33:44",1093988,11.33,68.44,11.24,67.94
"2026-03-25 23:33:45",1093989,11.33,68.44,11.26,67.98
"2026-03-25 23:33:46",1093990,11.27,68.4,11.28,67.95
"2026-03-25 23:33:47",1093991,11.35,68.45,11.26,67.93
"2026-03-25 23:33:48",1093992,11.32,68.38,11.21,67.96
"2026-03-25 23:33:49",1093993,11.29,68.36,11.27,67.96
"2026-03-25 23:33:50",1093994,11.31,68.41,11.28,67.96
"2026-03-25 23:33:51",1093995,11.29,68.44,11.28,68.01
"2026-03-25 23:33:52",1093996,11.31,68.49,11.28,68.0
"2026-03-25 23:33:53",1093997,11.3,68.51,11.26,68.02
"2026-03-25 23:33:54",1093998,11.36,68.49,11.28,68.01
"2026-03-25 23:33:55",1093999,11.3,68.53,11.24,68.05
"2026-03-25 23:33:56",1094000,11.27,68.46,11.2,68.03
"2026-03-25 23:33:57",1094001,11.24,68.47,11.25,67.98
"2026-03-25 23:33:58",1094002,11.27,68.47,11.24,68.06
"2026-03-25 23:33:59",1094003,11.3,68.51,11.2,68.09
"2026-03-25 23:34:00",1094004,11.28,68.53,11.24,68.13
"2026-03-25 23:34:01",1094005,11.3,68.53,11.26,68.09
"2026-03-25 23:34:02",1094006,11.31,68.52,11.21,68.15
"2026-03-25 23:34:03",1094007,11.23,68.56,11.2,68.09
"2026-03-25 23:34:04",1094008,11.25,68.54,11.23,68.1
"2026-03-25 23:34:05",1094009,11.26,68.62,11.26,68.15
"2026-03-25 23:34:06",1094010,11.29,68.62,11.29,68.15
"2026-03-25 23:34:07",1094011,11.25,68.64,11.24,68.17
"2026-03-25 23:34:08",1094012,11.23,68.59,11.3,68.12
"2026-03-25 23:34:09",1094013,11.26,68.6,11.23,68.15
"2026-03-25 23:34:10",1094014,11.27,68.63,11.23,68.11
"2026-03-25 23:34:11",1094015,11.28,68.62,11.22,68.13
"2026-03-25 23:34:12",1094016,11.26,68.67,11.23,68.15
"2026-03-25 23:34:13",1094017,11.26,68.7,11.22,68.15
"2026-03-25 23:34:14",1094018,11.26,68.66,11.2,68.18
"2026-03-25 23:34:15",1094019,11.29,68.67,11.23,68.16
"2026-03-25 23:34:16",1094020,11.25,68.69,11.28,68.17
"2026-03-25 23:34:17",1094021,11.25,68.71,11.24,68.21
"2026-03-25 23:34:18",1094022,11.28,68.73,11.2,68.23
"2026-03-25 23:34:19",1094023,11.26,68.72,11.2,68.21
"2026-03-25 23:34:20",1094024,11.23,68.75,11.24,68.2
"2026-03-25 23:34:21",1094025,11.3,68.74,11.27,68.24
"2026-03-25 23:34:22",1094026,11.27,68.74,11.24,68.3
"2026-03-25 23:34:23",1094027,11.24,68.76,11.22,68.29
"2026-03-25 23:34:24",1094028,11.34,68.75,11.22,68.35
"2026-03-25 23:34:25",1094029,11.26,68.84,11.21,68.32
"2026-03-25 23:34:26",1094030,11.33,68.8,11.29,68.32
"2026-03-25 23:34:27",1094031,11.24,68.86,11.25,68.33
"2026-03-25 23:34:28",1094032,11.29,68.88,11.18,68.34
"2026-03-25 23:34:29",1094033,11.3,68.85,11.22,68.39
"2026-03-25 23:34:30",1094034,11.34,68.85,11.26,68.38
"2026-03-25 23:34:31",1094035,11.25,68.93,11.21,68.42
"2026-03-25 23:34:32",1094036,11.28,68.92,11.24,68.44
"2026-03-25 23:34:33",1094037,11.3,68.94,11.16,68.41
"2026-03-25 23:34:34",1094038,11.24,68.96,11.23,68.41
"2026-03-25 23:34:35",1094039,11.27,68.87,11.22,68.43
"2026-03-25 23:34:36",1094040,11.31,68.96,11.22,68.46
"2026-03-25 23:34:37",1094041,11.22,68.97,11.2,68.43
"2026-03-25 23:34:38",1094042,11.23,69.0,11.23,68.49
"2026-03-25 23:34:39",1094043,11.29,68.97,11.22,68.52
"2026-03-25 23:34:40",1094044,11.31,69.08,11.21,68.53
"2026-03-25 23:34:41",1094045,11.32,69.03,11.24,68.51
"2026-03-25 23:34:42",1094046,11.28,69.07,11.22,68.56
"2026-03-25 23:34:43",1094047,11.3,68.96,11.24,68.47
"2026-03-25 23:34:44",1094048,11.33,69.0,11.21,68.54
"2026-03-25 23:34:45",1094049,11.31,68.98,11.22,68.56
"2026-03-25 23:34:46",1094050,11.3,69.01,11.21,68.59
"2026-03-25 23:34:47",1094051,11.24,69.03,11.26,68.61
"2026-03-25 23:34:48",1094052,11.27,69.04,11.27,68.58
"2026-03-25 23:34:49",1094053,11.26,69.08,11.19,68.6
"2026-03-25 23:34:50",1094054,11.3,69.09,11.25,68.56
"2026-03-25 23:34:51",1094055,11.26,69.08,11.22,68.57
"2026-03-25 23:34:52",1094056,11.33,69.11,11.25,68.59
"2026-03-25 23:34:53",1094057,11.28,69.08,11.23,68.6
"2026-03-25 23:34:54",1094058,11.25,69.03,11.18,68.59
"2026-03-25 23:34:55",1094059,11.27,69.07,11.26,68.62
"2026-03-25 23:34:56",1094060,11.24,69.08,11.26,68.67
"2026-03-25 23:34:57",1094061,11.24,69.04,11.26,68.59
"2026-03-25 23:34:58",1094062,11.26,69.11,11.24,68.59
"2026-03-25 23:34:59",1094063,11.32,69.06,11.19,68.6
"2026-03-25 23:35:00",1094064,11.29,69.11,11.23,68.61
"2026-03-25 23:35:01",1094065,11.29,69.08,11.27,68.7
"2026-03-25 23:35:02",1094066,11.28,69.13,11.22,68.67
"2026-03-25 23:35:03",1094067,11.26,69.11,11.22,68.71
"2026-03-25 23:35:04",1094068,11.3,69.17,11.19,68.74
"2026-03-25 23:35:05",1094069,11.24,69.15,11.27,68.7
"2026-03-25 23:35:06",1094070,11.3,69.2,11.22,68.74
"2026-03-25 23:35:07",1094071,11.27,69.19,11.21,68.69
"2026-03-25 23:35:08",1094072,11.28,69.18,11.27,68.66
"2026-03-25 23:35:09",1094073,11.3,69.16,11.23,68.73
"2026-03-25 23:35:10",1094074,11.22,69.19,11.25,68.81
"2026-03-25 23:35:11",1094075,11.2,69.19,11.18,68.76
"2026-03-25 23:35:12",1094076,11.25,69.22,11.18,68.74
"2026-03-25 23:35:13",1094077,11.3,69.2,11.22,68.76
"2026-03-25 23:35:14",1094078,11.29,69.18,11.24,68.72
"2026-03-25 23:35:15",1094079,11.27,69.21,11.21,68.72
"2026-03-25 23:35:16",1094080,11.27,69.19,11.21,68.71
"2026-03-25 23:35:17",1094081,11.2,69.19,11.17,68.73
"2026-03-25 23:35:18",1094082,11.26,69.21,11.24,68.76
"2026-03-25 23:35:19",1094083,11.25,69.23,11.22,68.71
"2026-03-25 23:35:20",1094084,11.31,69.21,11.15,68.73
"2026-03-25 23:35:21",1094085,11.28,69.22,11.21,68.72
"2026-03-25 23:35:22",1094086,11.31,69.24,11.21,68.72
"2026-03-25 23:35:23",1094087,11.28,69.14,11.18,68.72
"2026-03-25 23:35:24",1094088,11.26,69.2,11.14,68.69
"2026-03-25 23:35:25",1094089,11.22,69.2,11.17,68.71
"2026-03-25 23:35:26",1094090,11.24,69.29,11.2,68.82
"2026-03-25 23:35:27",1094091,11.19,69.24,11.23,68.78
"2026-03-25 23:35:28",1094092,11.24,69.28,11.22,68.74
"2026-03-25 23:35:29",1094093,11.25,69.29,11.18,68.73
"2026-03-25 23:35:30",1094094,11.25,69.26,11.18,68.77
"2026-03-25 23:35:31",1094095,11.27,69.24,11.19,68.82
"2026-03-25 23:35:32",1094096,11.26,69.3,11.19,68.77
"2026-03-25 23:35:33",1094097,11.27,69.23,11.16,68.84
"2026-03-25 23:35:34",1094098,11.25,69.27,11.15,68.87
"2026-03-25 23:35:35",1094099,11.25,69.25,11.19,68.82
"2026-03-25 23:35:36",1094100,11.23,69.33,11.26,68.82
"2026-03-25 23:35:37",1094101,11.23,69.34,11.19,68.86
"2026-03-25 23:35:38",1094102,11.18,69.34,11.11,68.85
"2026-03-25 23:35:39",1094103,11.2,69.25,11.19,68.85
"2026-03-25 23:35:40",1094104,11.23,69.28,11.19,68.82
"2026-03-25 23:35:41",1094105,11.19,69.31,11.14,68.87
"2026-03-25 23:35:42",1094106,11.26,69.21,11.17,68.76
"2026-03-25 23:35:43",1094107,11.28,69.33,11.2,68.8
"2026-03-25 23:35:44",1094108,11.26,69.26,11.15,68.8
"2026-03-25 23:35:45",1094109,11.26,69.23,11.13,68.83
"2026-03-25 23:35:46",1094110,11.2,69.27,11.18,68.75
"2026-03-25 23:35:47",1094111,11.14,69.2,11.13,68.72
"2026-03-25 23:35:48",1094112,11.21,69.24,11.13,68.75
"2026-03-25 23:35:49",1094113,11.19,69.24,11.1,68.87
"2026-03-25 23:35:50",1094114,11.23,69.21,11.11,68.83
"2026-03-25 23:35:51",1094115,11.12,69.21,11.16,68.8
"2026-03-25 23:35:52",1094116,11.18,69.21,11.15,68.81
"2026-03-25 23:35:53",1094117,11.23,69.21,11.16,68.8
"2026-03-25 23:35:54",1094118,11.23,69.25,11.12,68.83
"2026-03-25 23:35:55",1094119,11.21,69.21,11.18,68.82
"2026-03-25 23:35:56",1094120,11.2,69.24,11.18,68.87
"2026-03-25 23:35:57",1094121,11.18,69.23,11.18,68.91
"2026-03-25 23:35:58",1094122,11.24,69.26,11.13,68.89
"2026-03-25 23:35:59",1094123,11.23,69.26,11.12,68.84
"2026-03-25 23:36:00",1094124,11.21,69.32,11.2,68.89
"2026-03-25 23:36:01",1094125,11.22,69.29,11.19,68.91
"2026-03-25 23:36:02",1094126,11.25,69.34,11.11,68.89
"2026-03-25 23:36:03",1094127,11.24,69.32,11.12,68.89
"2026-03-25 23:36:04",1094128,11.19,69.3,11.15,68.9
"2026-03-25 23:36:05",1094129,11.21,69.25,11.2,68.94
"2026-03-25 23:36:06",1094130,11.22,69.25,11.18,68.98
"2026-03-25 23:36:07",1094131,11.2,69.36,11.15,68.92
"2026-03-25 23:36:08",1094132,11.22,69.33,11.14,68.93
"2026-03-25 23:36:09",1094133,11.2,69.36,11.17,68.99
"2026-03-25 23:36:10",1094134,11.18,69.35,11.17,68.99
"2026-03-25 23:36:11",1094135,11.17,69.38,11.13,68.95
"2026-03-25 23:36:12",1094136,11.17,69.35,11.1,68.98
"2026-03-25 23:36:13",1094137,11.21,69.37,11.1,69.03
"2026-03-25 23:36:14",1094138,11.21,69.37,11.19,69.02
"2026-03-25 23:36:15",1094139,11.25,69.41,11.17,69.02
"2026-03-25 23:36:16",1094140,11.2,69.42,11.13,69.02
"2026-03-25 23:36:17",1094141,11.2,69.44,11.12,69.01
"2026-03-25 23:36:18",1094142,11.13,69.48,11.13,69.02
"2026-03-25 23:36:19",1094143,11.15,69.49,11.14,69.03
"2026-03-25 23:36:20",1094144,11.14,69.45,11.14,69.04
"2026-03-25 23:36:21",1094145,11.19,69.51,11.12,69.09
"2026-03-25 23:36:22",1094146,11.21,69.48,11.11,69.09
"2026-03-25 23:36:23",1094147,11.17,69.48,11.12,69.1
"2026-03-25 23:36:24",1094148,11.25,69.5,11.2,69.04
"2026-03-25 23:36:25",1094149,11.2,69.53,11.22,69.05
"2026-03-25 23:36:26",1094150,11.17,69.52,11.1,69.01
"2026-03-25 23:36:27",1094151,11.18,69.61,11.06,69.05
"2026-03-25 23:36:28",1094152,11.21,69.55,11.05,69.05
"2026-03-25 23:36:29",1094153,11.21,69.55,11.2,69.08
"2026-03-25 23:36:30",1094154,11.19,69.54,11.17,69.03
"2026-03-25 23:36:31",1094155,11.12,69.51,11.1,69.06
"2026-03-25 23:36:32",1094156,11.17,69.65,11.12,69.06
"2026-03-25 23:36:33",1094157,11.16,69.65,11.16,69.05
"2026-03-25 23:36:34",1094158,11.18,69.6,11.17,69.02
"2026-03-25 23:36:35",1094159,11.21,69.52,11.12,69.05
"2026-03-25 23:36:36",1094160,11.21,69.6,11.08,69.04
"2026-03-25 23:36:37",1094161,11.15,69.58,11.11,69.07
"2026-03-25 23:36:38",1094162,11.16,69.62,11.1,69.06
"2026-03-25 23:36:39",1094163,11.18,69.56,11.18,69.05
"2026-03-25 23:36:40",1094164,11.17,69.54,11.14,69.05
"2026-03-25 23:36:41",1094165,11.19,69.54,11.11,69.04
"2026-03-25 23:36:42",1094166,11.21,69.6,11.07,69.03
"2026-03-25 23:36:43",1094167,11.12,69.6,11.06,69.05
"2026-03-25 23:36:44",1094168,11.17,69.62,11.17,69.03
"2026-03-25 23:36:45",1094169,11.17,69.58,11.12,69.07
"2026-03-25 23:36:46",1094170,11.18,69.58,11.14,69.09
"2026-03-25 23:36:47",1094171,11.19,69.55,11.07,69.1
"2026-03-25 23:36:48",1094172,11.15,69.58,11.11,69.12
"2026-03-25 23:36:49",1094173,11.14,69.64,11.11,69.08
"2026-03-25 23:36:50",1094174,11.17,69.61,11.08,69.1
"2026-03-25 23:36:51",1094175,11.17,69.59,11.04,69.15
"2026-03-25 23:36:52",1094176,11.25,69.65,11.08,69.08
"2026-03-25 23:36:53",1094177,11.22,69.63,11.1,69.09
"2026-03-25 23:36:54",1094178,11.15,69.62,11.16,69.13
"2026-03-25 23:36:55",1094179,11.1,69.61,11.1,69.16
"2026-03-25 23:36:56",1094180,11.11,69.63,11.12,69.15
"2026-03-25 23:36:57",1094181,11.16,69.71,11.13,69.16
"2026-03-25 23:36:58",1094182,11.16,69.63,11.13,69.13
"2026-03-25 23:36:59",1094183,11.18,69.7,11.08,69.14
"2026-03-25 23:37:00",1094184,11.14,69.66,11.04,69.22
"2026-03-25 23:37:01",1094185,11.16,69.65,11.08,69.16
"2026-03-25 23:37:02",1094186,11.13,69.64,11.11,69.16
"2026-03-25 23:37:03",1094187,11.16,69.62,11.09,69.17
"2026-03-25 23:37:04",1094188,11.16,69.71,11.09,69.14
"2026-03-25 23:37:05",1094189,11.12,69.66,11.05,69.23
"2026-03-25 23:37:06",1094190,11.14,69.69,11.07,69.14
"2026-03-25 23:37:07",1094191,11.11,69.73,11.14,69.16
"2026-03-25 23:37:08",1094192,11.2,69.72,11.12,69.13
"2026-03-25 23:37:09",1094193,11.15,69.69,11.1,69.18
"2026-03-25 23:37:10",1094194,11.11,69.68,11.05,69.23
"2026-03-25 23:37:11",1094195,11.11,69.68,11.05,69.17
"2026-03-25 23:37:12",1094196,11.16,69.66,11.12,69.17
"2026-03-25 23:37:13",1094197,11.14,69.72,11.06,69.18
"2026-03-25 23:37:14",1094198,11.14,69.72,11.06,69.15
"2026-03-25 23:37:15",1094199,11.19,69.75,11.08,69.16
"2026-03-25 23:37:16",1094200,11.15,69.72,11.07,69.14
"2026-03-25 23:37:17",1094201,11.12,69.71,11.13,69.19
"2026-03-25 23:37:18",1094202,11.13,69.73,11.12,69.2
"2026-03-25 23:37:19",1094203,11.12,69.75,11.08,69.2
"2026-03-25 23:37:20",1094204,11.14,69.78,11.06,69.28
"2026-03-25 23:37:21",1094205,11.13,69.85,11.04,69.23
"2026-03-25 23:37:22",1094206,11.2,69.84,11.09,69.18
"2026-03-25 23:37:23",1094207,11.14,69.88,11.11,69.25
"2026-03-25 23:37:24",1094208,11.11,69.87,11.02,69.23
"2026-03-25 23:37:25",1094209,11.11,69.92,11.05,69.28
"2026-03-25 23:37:26",1094210,11.09,69.88,11.05,69.33
"2026-03-25 23:37:27",1094211,11.1,69.91,11.12,69.33
"2026-03-25 23:37:28",1094212,11.05,69.92,11.09,69.28
"2026-03-25 23:37:29",1094213,11.17,69.95,11.1,69.31
"2026-03-25 23:37:30",1094214,11.19,69.95,11.01,69.38
"2026-03-25 23:37:31",1094215,11.16,69.95,11.05,69.32
"2026-03-25 23:37:32",1094216,11.1,69.89,11.08,69.37
"2026-03-25 23:37:33",1094217,11.13,70.0,11.14,69.39
"2026-03-25 23:37:34",1094218,11.14,69.95,11.11,69.41
"2026-03-25 23:37:35",1094219,11.13,70.0,11.05,69.43
"2026-03-25 23:37:36",1094220,11.24,69.9,11.01,69.38
"2026-03-25 23:37:37",1094221,11.11,69.99,11.13,69.43
"2026-03-25 23:37:38",1094222,11.1,70.04,11.13,69.4
"2026-03-25 23:37:39",1094223,11.07,70.02,11.07,69.37
"2026-03-25 23:37:40",1094224,11.09,69.97,10.99,69.41
"2026-03-25 23:37:41",1094225,11.12,70.01,11.08,69.43
"2026-03-25 23:37:42",1094226,11.09,69.97,11.11,69.44
"2026-03-25 23:37:43",1094227,11.12,69.96,11.1,69.45
"2026-03-25 23:37:44",1094228,11.07,69.96,11.12,69.47
"2026-03-25 23:37:45",1094229,11.11,70.07,11.07,69.5
"2026-03-25 23:37:46",1094230,11.13,70.04,11.02,69.5
"2026-03-25 23:37:47",1094231,11.1,70.02,11.04,69.48
"2026-03-25 23:37:48",1094232,11.13,69.99,11.08,69.49
"2026-03-25 23:37:49",1094233,11.1,70.02,11.1,69.5
"2026-03-25 23:37:50",1094234,11.1,70.03,11.09,69.49
"2026-03-25 23:37:51",1094235,11.1,70.03,11.09,69.5
"2026-03-25 23:37:52",1094236,11.08,70.03,11.03,69.54
"2026-03-25 23:37:53",1094237,11.09,70.08,11.02,69.49
"2026-03-25 23:37:54",1094238,11.15,70.09,11.09,69.51
"2026-03-25 23:37:55",1094239,11.1,70.07,11.07,69.51
"2026-03-25 23:37:56",1094240,11.14,70.02,11.07,69.57
"2026-03-25 23:37:57",1094241,11.06,70.09,11.05,69.58
"2026-03-25 23:37:58",1094242,11.03,70.08,11.01,69.61
"2026-03-25 23:37:59",1094243,11.09,70.13,11.11,69.62
"2026-03-25 23:38:00",1094244,11.08,70.15,11.04,69.59
"2026-03-25 23:38:01",1094245,11.15,70.15,11.07,69.59
"2026-03-25 23:38:02",1094246,11.11,70.14,11.04,69.6
"2026-03-25 23:38:03",1094247,11.11,70.19,11.04,69.6
"2026-03-25 23:38:04",1094248,11.09,70.14,11.03,69.64
"2026-03-25 23:38:05",1094249,11.09,70.18,11.07,69.67
"2026-03-25 23:38:06",1094250,11.09,70.19,11.04,69.64
"2026-03-25 23:38:07",1094251,11.04,70.17,11.0,69.63
"2026-03-25 23:38:08",1094252,11.14,70.17,11.07,69.63
"2026-03-25 23:38:09",1094253,11.09,70.19,11.03,69.65
"2026-03-25 23:38:10",1094254,11.09,70.18,11.07,69.62
"2026-03-25 23:38:11",1094255,11.07,70.17,11.04,69.64
"2026-03-25 23:38:12",1094256,11.09,70.14,11.05,69.69
"2026-03-25 23:38:13",1094257,11.11,70.16,11.06,69.63
"2026-03-25 23:38:14",1094258,11.08,70.12,10.98,69.64
"2026-03-25 23:38:15",1094259,11.09,70.11,11.02,69.59
"2026-03-25 23:38:16",1094260,11.08,70.02,11.07,69.59
"2026-03-25 23:38:17",1094261,11.07,70.08,11.03,69.62
"2026-03-25 23:38:18",1094262,11.16,70.03,11.03,69.58
"2026-03-25 23:38:19",1094263,11.07,70.02,10.99,69.51
"2026-03-25 23:38:20",1094264,11.07,70.04,11.06,69.53
"2026-03-25 23:38:21",1094265,11.08,70.06,11.01,69.5
"2026-03-25 23:38:22",1094266,11.07,69.95,11.01,69.5
"2026-03-25 23:38:23",1094267,11.1,69.98,11.0,69.5
"2026-03-25 23:38:24",1094268,11.07,69.92,11.0,69.48
"2026-03-25 23:38:25",1094269,11.08,69.87,11.08,69.45
"2026-03-25 23:38:26",1094270,11.08,69.84,11.02,69.4
"2026-03-25 23:38:27",1094271,11.11,69.77,11.0,69.35
"2026-03-25 23:38:28",1094272,11.04,69.77,10.99,69.3
"2026-03-25 23:38:29",1094273,11.1,69.76,11.01,69.28
"2026-03-25 23:38:30",1094274,11.09,69.68,11.04,69.24
"2026-03-25 23:38:31",1094275,11.03,69.67,10.99,69.24
"2026-03-25 23:38:32",1094276,11.03,69.61,11.0,69.15
"2026-03-25 23:38:33",1094277,11.04,69.53,11.0,69.18
"2026-03-25 23:38:34",1094278,11.08,69.55,10.99,69.14
"2026-03-25 23:38:35",1094279,11.05,69.62,11.01,69.14
"2026-03-25 23:38:36",1094280,11.07,69.5,11.01,69.11
"2026-03-25 23:38:37",1094281,11.06,69.48,11.08,69.07
"2026-03-25 23:38:38",1094282,11.07,69.48,11.06,69.02
"2026-03-25 23:38:39",1094283,11.04,69.5,11.04,69.03
"2026-03-25 23:38:40",1094284,11.04,69.45,11.02,68.97
"2026-03-25 23:38:41",1094285,11.02,69.38,10.98,68.97
"2026-03-25 23:38:42",1094286,11.04,69.43,11.0,68.93
"2026-03-25 23:38:43",1094287,11.04,69.41,11.04,68.92
"2026-03-25 23:38:44",1094288,11.09,69.25,11.01,68.85
"2026-03-25 23:38:45",1094289,11.02,69.3,10.98,68.81
"2026-03-25 23:38:46",1094290,11.07,69.27,11.01,68.82
"2026-03-25 23:38:47",1094291,11.09,69.22,11.01,68.82
"2026-03-25 23:38:48",1094292,11.07,69.23,11.02,68.75
"2026-03-25 23:38:49",1094293,11.05,69.14,11.02,68.77
"2026-03-25 23:38:50",1094294,11.15,69.15,11.0,68.72
"2026-03-25 23:38:51",1094295,11.1,69.19,10.99,68.79
"2026-03-25 23:38:52",1094296,11.11,69.21,11.0,68.74
"2026-03-25 23:38:53",1094297,11.01,69.12,10.99,68.71
"2026-03-25 23:38:54",1094298,11.05,69.19,11.04,68.74
"2026-03-25 23:38:55",1094299,11.08,69.14,10.97,68.74
"2026-03-25 23:38:56",1094300,11.09,69.08,11.0,68.7
"2026-03-25 23:38:57",1094301,11.07,69.09,11.02,68.62
"2026-03-25 23:38:58",1094302,11.1,69.15,10.98,68.61
"2026-03-25 23:38:59",1094303,11.09,69.12,11.06,68.63
"2026-03-25 23:39:00",1094304,11.12,69.11,11.02,68.65
"2026-03-25 23:39:01",1094305,11.13,69.11,11.02,68.68
"2026-03-25 23:39:02",1094306,11.07,69.14,11.01,68.66
"2026-03-25 23:39:03",1094307,11.08,69.11,11.02,68.62
"2026-03-25 23:39:04",1094308,11.07,69.08,11.05,68.58
"2026-03-25 23:39:05",1094309,11.12,69.09,11.01,68.62
"2026-03-25 23:39:06",1094310,11.09,69.09,11.0,68.58
"2026-03-25 23:39:07",1094311,11.08,69.12,11.0,68.63
"2026-03-25 23:39:08",1094312,11.09,69.14,11.04,68.63
"2026-03-25 23:39:09",1094313,11.04,69.06,11.01,68.62
"2026-03-25 23:39:10",1094314,11.13,69.15,11.0,68.57
"2026-03-25 23:39:11",1094315,11.07,69.09,11.02,68.64
"2026-03-25 23:39:12",1094316,11.14,69.08,10.99,68.67
"2026-03-25 23:39:13",1094317,11.1,69.12,11.01,68.63
"2026-03-25 23:39:14",1094318,11.1,69.16,11.03,68.62
"2026-03-25 23:39:15",1094319,11.05,69.19,11.03,68.65
"2026-03-25 23:39:16",1094320,11.09,69.15,11.08,68.63
"2026-03-25 23:39:17",1094321,11.18,69.1,11.06,68.65
"2026-03-25 23:39:18",1094322,11.1,69.1,11.02,68.56
"2026-03-25 23:39:19",1094323,11.09,69.16,11.02,68.63
"2026-03-25 23:39:20",1094324,11.05,69.17,10.98,68.64
"2026-03-25 23:39:21",1094325,11.08,69.17,11.03,68.63
"2026-03-25 23:39:22",1094326,11.11,69.19,11.01,68.59
"2026-03-25 23:39:23",1094327,11.1,69.16,11.08,68.67
"2026-03-25 23:39:24",1094328,11.14,69.07,11.02,68.67
"2026-03-25 23:39:25",1094329,11.04,69.12,11.04,68.6
"2026-03-25 23:39:26",1094330,11.07,69.12,11.02,68.61
"2026-03-25 23:39:27",1094331,11.05,69.13,11.0,68.55
"2026-03-25 23:39:28",1094332,11.03,69.08,11.06,68.55
"2026-03-25 23:39:29",1094333,11.05,69.1,10.97,68.51
"2026-03-25 23:39:30",1094334,11.13,69.06,11.08,68.56
"2026-03-25 23:39:31",1094335,11.14,69.02,11.01,68.49
"2026-03-25 23:39:32",1094336,11.06,68.99,11.03,68.46
"2026-03-25 23:39:33",1094337,11.1,69.0,11.04,68.48
"2026-03-25 23:39:34",1094338,11.05,69.04,11.02,68.51
"2026-03-25 23:39:35",1094339,11.05,68.99,10.99,68.43
"2026-03-25 23:39:36",1094340,11.06,68.96,11.0,68.46
"2026-03-25 23:39:37",1094341,11.1,68.95,11.02,68.41
"2026-03-25 23:39:38",1094342,11.12,69.01,11.01,68.41
"2026-03-25 23:39:39",1094343,11.09,68.94,11.03,68.36
"2026-03-25 23:39:40",1094344,11.07,68.96,11.05,68.38
"2026-03-25 23:39:41",1094345,11.09,68.95,11.0,68.38
"2026-03-25 23:39:42",1094346,11.07,68.93,11.04,68.39
"2026-03-25 23:39:43",1094347,11.09,68.96,11.05,68.31
"2026-03-25 23:39:44",1094348,11.08,68.87,11.04,68.34
"2026-03-25 23:39:45",1094349,11.09,68.86,11.01,68.33
"2026-03-25 23:39:46",1094350,11.06,68.72,11.03,68.32
"2026-03-25 23:39:47",1094351,11.09,68.83,11.04,68.3
"2026-03-25 23:39:48",1094352,11.11,68.83,11.0,68.21
"2026-03-25 23:39:49",1094353,11.05,68.82,10.97,68.19
"2026-03-25 23:39:50",1094354,11.05,68.83,11.04,68.26
"2026-03-25 23:39:51",1094355,11.06,68.73,10.98,68.19
"2026-03-25 23:39:52",1094356,11.01,68.74,11.0,68.2
"2026-03-25 23:39:53",1094357,11.07,68.74,10.95,68.16
"2026-03-25 23:39:54",1094358,11.04,68.81,11.03,68.19
"2026-03-25 23:39:55",1094359,11.13,68.82,11.05,68.15
"2026-03-25 23:39:56",1094360,11.06,68.79,11.04,68.19
"2026-03-25 23:39:57",1094361,11.07,68.77,10.97,68.13
"2026-03-25 23:39:58",1094362,11.05,68.69,11.02,68.17
"2026-03-25 23:39:59",1094363,11.08,68.76,10.98,68.12
"2026-03-25 23:40:00",1094364,11.09,68.76,11.03,68.12
"2026-03-25 23:40:01",1094365,11.06,68.76,11.03,68.14
"2026-03-25 23:40:02",1094366,11.09,68.74,11.02,68.18
"2026-03-25 23:40:03",1094367,11.06,68.71,11.03,68.14
"2026-03-25 23:40:04",1094368,11.1,68.72,11.04,68.16
"2026-03-25 23:40:05",1094369,11.16,68.68,10.99,68.09
"2026-03-25 23:40:06",1094370,11.06,68.66,11.04,68.15
"2026-03-25 23:40:07",1094371,11.1,68.73,11.02,68.17
"2026-03-25 23:40:08",1094372,11.09,68.7,11.0,68.2
"2026-03-25 23:40:09",1094373,11.08,68.75,10.99,68.15
"2026-03-25 23:40:10",1094374,11.13,68.75,11.06,68.2
"2026-03-25 23:40:11",1094375,11.09,68.78,11.06,68.21
"2026-03-25 23:40:12",1094376,11.15,68.73,11.03,68.19
"2026-03-25 23:40:13",1094377,11.09,68.77,11.05,68.21
"2026-03-25 23:40:14",1094378,11.06,68.72,10.99,68.22
"2026-03-25 23:40:15",1094379,11.12,68.77,11.05,68.17
"2026-03-25 23:40:16",1094380,11.04,68.77,11.07,68.22
"2026-03-25 23:40:17",1094381,11.07,68.79,11.02,68.27
"2026-03-25 23:40:18",1094382,11.1,68.72,11.02,68.25
"2026-03-25 23:40:19",1094383,11.07,68.85,11.03,68.26
"2026-03-25 23:40:20",1094384,11.13,68.86,11.03,68.28
"2026-03-25 23:40:21",1094385,11.09,68.89,11.07,68.3
"2026-03-25 23:40:22",1094386,11.08,68.9,11.04,68.24
"2026-03-25 23:40:23",1094387,11.08,68.88,11.05,68.28
"2026-03-25 23:40:24",1094388,11.05,68.84,11.03,68.34
"2026-03-25 23:40:25",1094389,11.11,68.9,11.03,68.34
"2026-03-25 23:40:26",1094390,11.06,68.88,11.03,68.37
"2026-03-25 23:40:27",1094391,11.06,68.93,11.03,68.32
"2026-03-25 23:40:28",1094392,11.08,68.97,11.08,68.36
"2026-03-25 23:40:29",1094393,11.05,68.94,11.05,68.36
"2026-03-25 23:40:30",1094394,11.1,68.94,11.07,68.38
"2026-03-25 23:40:31",1094395,11.04,68.96,11.02,68.38
"2026-03-25 23:40:32",1094396,11.03,68.94,11.02,68.37
"2026-03-25 23:40:33",1094397,11.08,68.92,11.09,68.33
"2026-03-25 23:40:34",1094398,11.05,68.92,11.08,68.36
"2026-03-25 23:40:35",1094399,11.12,68.96,11.02,68.37
"2026-03-25 23:40:36",1094400,11.07,68.97,11.03,68.36
"2026-03-25 23:40:37",1094401,11.06,68.99,11.06,68.35
"2026-03-25 23:40:38",1094402,11.1,68.97,11.06,68.39
"2026-03-25 23:40:39",1094403,11.1,69.0,11.03,68.4
"2026-03-25 23:40:40",1094404,11.1,68.96,11.16,68.41
"2026-03-25 23:40:41",1094405,11.07,68.99,11.02,68.43
"2026-03-25 23:40:42",1094406,11.1,69.04,11.03,68.43
"2026-03-25 23:40:43",1094407,11.08,69.01,11.05,68.43
"2026-03-25 23:40:44",1094408,11.07,69.01,11.02,68.41
"2026-03-25 23:40:45",1094409,11.14,68.99,11.1,68.53
"2026-03-25 23:40:46",1094410,11.06,69.05,11.06,68.46
"2026-03-25 23:40:47",1094411,11.09,69.07,11.04,68.49
"2026-03-25 23:40:48",1094412,11.1,69.06,11.01,68.52
"2026-03-25 23:40:49",1094413,11.02,69.07,11.04,68.5
"2026-03-25 23:40:50",1094414,11.07,69.12,11.01,68.52
"2026-03-25 23:40:51",1094415,11.03,68.99,11.03,68.56
"2026-03-25 23:40:52",1094416,11.06,69.07,11.07,68.57
"2026-03-25 23:40:53",1094417,11.06,69.09,10.99,68.53
"2026-03-25 23:40:54",1094418,11.05,69.06,10.97,68.55
"2026-03-25 23:40:55",1094419,11.05,69.08,11.0,68.55
"2026-03-25 23:40:56",1094420,11.06,69.06,11.03,68.53
"2026-03-25 23:40:57",1094421,11.05,69.02,11.04,68.57
"2026-03-25 23:40:58",1094422,11.05,69.14,11.03,68.61
"2026-03-25 23:40:59",1094423,11.01,69.14,11.06,68.59
"2026-03-25 23:41:00",1094424,11.06,69.13,11.02,68.61
"2026-03-25 23:41:01",1094425,11.05,69.2,11.0,68.63
"2026-03-25 23:41:02",1094426,11.04,69.18,11.0,68.68
"2026-03-25 23:41:03",1094427,11.03,69.16,11.01,68.59
"2026-03-25 23:41:04",1094428,11.04,69.23,11.06,68.67
"2026-03-25 23:41:05",1094429,11.03,69.15,11.0,68.64
"2026-03-25 23:41:06",1094430,11.02,69.16,11.0,68.66
"2026-03-25 23:41:07",1094431,11.04,69.21,11.0,68.61
"2026-03-25 23:41:08",1094432,11.04,69.25,11.02,68.69
"2026-03-25 23:41:09",1094433,11.1,69.26,11.01,68.68
"2026-03-25 23:41:10",1094434,11.03,69.14,11.03,68.64
"2026-03-25 23:41:11",1094435,11.0,69.15,10.98,68.67
"2026-03-25 23:41:12",1094436,11.07,69.2,11.04,68.63
"2026-03-25 23:41:13",1094437,11.03,69.21,11.08,68.66
"2026-03-25 23:41:14",1094438,11.06,69.21,11.03,68.62
"2026-03-25 23:41:15",1094439,11.01,69.14,10.96,68.63
"2026-03-25 23:41:16",1094440,11.04,69.14,11.02,68.68
"2026-03-25 23:41:17",1094441,11.02,69.16,10.98,68.6
"2026-03-25 23:41:18",1094442,11.02,69.13,10.95,68.6
"2026-03-25 23:41:19",1094443,10.99,69.09,10.94,68.56
"2026-03-25 23:41:20",1094444,11.06,69.12,11.02,68.6
"2026-03-25 23:41:21",1094445,11.02,69.15,10.97,68.6
"2026-03-25 23:41:22",1094446,11.04,69.14,10.98,68.58
"2026-03-25 23:41:23",1094447,11.02,69.1,10.97,68.59
"2026-03-25 23:41:24",1094448,11.03,69.11,11.02,68.58
"2026-03-25 23:41:25",1094449,11.02,69.15,10.96,68.56
"2026-03-25 23:41:26",1094450,11.02,69.15,10.94,68.55
"2026-03-25 23:41:27",1094451,11.0,69.13,11.01,68.57
"2026-03-25 23:41:28",1094452,11.03,69.17,10.99,68.56
"2026-03-25 23:41:29",1094453,11.0,69.14,10.99,68.57
"2026-03-25 23:41:30",1094454,11.04,69.08,10.99,68.58
"2026-03-25 23:41:31",1094455,11.06,69.16,11.0,68.58
"2026-03-25 23:41:32",1094456,11.03,69.17,11.0,68.57
"2026-03-25 23:41:33",1094457,11.04,69.18,11.01,68.6
"2026-03-25 23:41:34",1094458,11.03,69.19,10.96,68.61
"2026-03-25 23:41:35",1094459,11.02,69.22,11.02,68.59
"2026-03-25 23:41:36",1094460,11.04,69.21,11.03,68.59
"2026-03-25 23:41:37",1094461,11.03,69.22,11.06,68.59
"2026-03-25 23:41:38",1094462,11.03,69.19,11.01,68.6
"2026-03-25 23:41:39",1094463,11.02,69.16,11.01,68.59
"2026-03-25 23:41:40",1094464,11.06,69.18,11.02,68.56
"2026-03-25 23:41:41",1094465,11.05,69.2,10.99,68.56
"2026-03-25 23:41:42",1094466,11.04,69.21,11.01,68.58
"2026-03-25 23:41:43",1094467,11.05,69.2,11.0,68.54
"2026-03-25 23:41:44",1094468,11.03,69.18,10.99,68.6
"2026-03-25 23:41:45",1094469,11.03,69.15,11.04,68.56
"2026-03-25 23:41:46",1094470,11.01,69.14,10.98,68.58
"2026-03-25 23:41:47",1094471,11.05,69.15,10.98,68.61
"2026-03-25 23:41:48",1094472,11.05,69.21,10.98,68.6
"2026-03-25 23:41:49",1094473,11.09,69.25,10.98,68.62
"2026-03-25 23:41:50",1094474,11.07,69.25,10.97,68.63
"2026-03-25 23:41:51",1094475,11.06,69.18,11.02,68.67
"2026-03-25 23:41:52",1094476,11.03,69.25,11.0,68.64
"2026-03-25 23:41:53",1094477,11.1,69.24,10.98,68.65
"2026-03-25 23:41:54",1094478,11.02,69.28,10.96,68.68
"2026-03-25 23:41:55",1094479,11.03,69.3,11.01,68.68
"2026-03-25 23:41:56",1094480,11.11,69.38,11.01,68.69
"2026-03-25 23:41:57",1094481,11.02,69.41,10.98,68.71
"2026-03-25 23:41:58",1094482,11.08,69.39,11.03,68.75
"2026-03-25 23:41:59",1094483,11.03,69.39,11.0,68.72
"2026-03-25 23:42:00",1094484,11.06,69.39,11.03,68.74
"2026-03-25 23:42:01",1094485,11.08,69.39,10.99,68.77
"2026-03-25 23:42:02",1094486,11.05,69.42,10.96,68.75
"2026-03-25 23:42:03",1094487,11.02,69.41,10.98,68.77
"2026-03-25 23:42:04",1094488,11.04,69.42,10.96,68.78
"2026-03-25 23:42:05",1094489,11.04,69.43,11.02,68.71
"2026-03-25 23:42:06",1094490,11.04,69.45,10.97,68.8
"2026-03-25 23:42:07",1094491,11.02,69.42,10.98,68.78
"2026-03-25 23:42:08",1094492,11.04,69.43,10.99,68.79
"2026-03-25 23:42:09",1094493,11.02,69.36,10.97,68.78
"2026-03-25 23:42:10",1094494,11.05,69.35,10.97,68.74
"2026-03-25 23:42:11",1094495,11.05,69.37,11.0,68.73
"2026-03-25 23:42:12",1094496,11.01,69.35,11.0,68.71
"2026-03-25 23:42:13",1094497,11.05,69.29,10.95,68.67
"2026-03-25 23:42:14",1094498,11.06,69.3,10.95,68.63
"2026-03-25 23:42:15",1094499,11.03,69.31,11.03,68.65
"2026-03-25 23:42:16",1094500,11.04,69.29,11.0,68.63
"2026-03-25 23:42:17",1094501,11.0,69.17,10.97,68.61
"2026-03-25 23:42:18",1094502,10.99,69.2,10.96,68.57
"2026-03-25 23:42:19",1094503,10.97,69.13,11.01,68.57
"2026-03-25 23:42:20",1094504,11.03,69.14,10.98,68.57
"2026-03-25 23:42:21",1094505,11.02,69.07,10.94,68.5
"2026-03-25 23:42:22",1094506,11.04,69.12,10.96,68.45
"2026-03-25 23:42:23",1094507,11.06,69.07,10.98,68.44
"2026-03-25 23:42:24",1094508,11.09,69.0,11.01,68.41
"2026-03-25 23:42:25",1094509,11.0,69.0,11.0,68.4
"2026-03-25 23:42:26",1094510,10.99,68.93,10.99,68.45
"2026-03-25 23:42:27",1094511,11.03,68.93,10.95,68.33
"2026-03-25 23:42:28",1094512,11.01,68.87,10.95,68.36
"2026-03-25 23:42:29",1094513,11.0,68.93,10.96,68.3
"2026-03-25 23:42:30",1094514,11.06,68.89,10.97,68.37
"2026-03-25 23:42:31",1094515,11.03,68.79,11.0,68.38
"2026-03-25 23:42:32",1094516,11.06,68.83,10.94,68.31
"2026-03-25 23:42:33",1094517,11.02,68.83,10.98,68.31
"2026-03-25 23:42:34",1094518,11.04,68.82,11.02,68.27
"2026-03-25 23:42:35",1094519,11.03,68.82,11.03,68.27
"2026-03-25 23:42:36",1094520,11.05,68.79,10.98,68.23
"2026-03-25 23:42:37",1094521,11.1,68.85,10.97,68.22
"2026-03-25 23:42:38",1094522,11.03,68.86,11.01,68.28
"2026-03-25 23:42:39",1094523,11.03,68.82,11.01,68.23
"2026-03-25 23:42:40",1094524,11.03,68.86,11.0,68.21
"2026-03-25 23:42:41",1094525,11.04,68.82,10.95,68.19
"2026-03-25 23:42:42",1094526,11.02,68.78,11.0,68.24
"2026-03-25 23:42:43",1094527,11.02,68.73,10.98,68.21
"2026-03-25 23:42:44",1094528,10.96,68.62,11.0,68.18
"2026-03-25 23:42:45",1094529,11.04,68.71,10.97,68.17
"2026-03-25 23:42:46",1094530,11.06,68.64,10.98,68.19
"2026-03-25 23:42:47",1094531,11.03,68.68,11.0,68.18
"2026-03-25 23:42:48",1094532,10.99,68.66,11.02,68.13
"2026-03-25 23:42:49",1094533,11.02,68.62,11.03,68.07
"2026-03-25 23:42:50",1094534,11.09,68.57,11.0,68.09
"2026-03-25 23:42:51",1094535,11.03,68.51,10.97,68.08
"2026-03-25 23:42:52",1094536,11.01,68.5,10.99,68.05
"2026-03-25 23:42:53",1094537,11.1,68.48,10.98,68.0
"2026-03-25 23:42:54",1094538,11.02,68.49,11.0,67.96
"2026-03-25 23:42:55",1094539,11.02,68.42,10.97,67.98
"2026-03-25 23:42:56",1094540,11.02,68.45,10.97,67.99
"2026-03-25 23:42:57",1094541,11.03,68.43,10.94,67.99
"2026-03-25 23:42:58",1094542,11.08,68.38,11.03,67.96
"2026-03-25 23:42:59",1094543,11.01,68.39,10.99,67.97
"2026-03-25 23:43:00",1094544,11.04,68.32,10.97,67.9
"2026-03-25 23:43:01",1094545,11.14,68.37,10.98,67.99
"2026-03-25 23:43:02",1094546,11.03,68.38,10.99,67.93
"2026-03-25 23:43:03",1094547,11.07,68.38,10.98,67.95
"2026-03-25 23:43:04",1094548,11.0,68.32,11.0,67.91
"2026-03-25 23:43:05",1094549,11.05,68.3,11.01,67.87
"2026-03-25 23:43:06",1094550,11.07,68.28,10.97,67.89
"2026-03-25 23:43:07",1094551,11.0,68.21,10.97,67.91
"2026-03-25 23:43:08",1094552,11.0,68.24,10.98,67.91
"2026-03-25 23:43:09",1094553,11.07,68.19,10.99,67.81
"2026-03-25 23:43:10",1094554,11.09,68.17,11.02,67.87
"2026-03-25 23:43:11",1094555,11.04,68.17,11.02,67.86
"2026-03-25 23:43:12",1094556,11.04,68.11,10.98,67.86
"2026-03-25 23:43:13",1094557,11.11,68.14,10.99,67.8
"2026-03-25 23:43:14",1094558,11.08,68.15,11.03,67.84
"2026-03-25 23:43:15",1094559,11.06,68.14,10.99,67.78
"2026-03-25 23:43:16",1094560,11.05,68.16,10.99,67.76
"2026-03-25 23:43:17",1094561,11.11,68.19,10.99,67.77
"2026-03-25 23:43:18",1094562,11.1,68.18,11.04,67.81
"2026-03-25 23:43:19",1094563,11.07,68.22,10.99,67.84
"2026-03-25 23:43:20",1094564,11.08,68.14,11.04,67.79
"2026-03-25 23:43:21",1094565,11.09,68.2,10.99,67.76
"2026-03-25 23:43:22",1094566,11.11,68.17,11.02,67.81
"2026-03-25 23:43:23",1094567,11.05,68.23,11.02,67.82
"2026-03-25 23:43:24",1094568,11.05,68.21,11.0,67.81
"2026-03-25 23:43:25",1094569,11.12,68.18,10.99,67.81
"2026-03-25 23:43:26",1094570,11.08,68.26,11.01,67.85
"2026-03-25 23:43:27",1094571,11.07,68.25,11.0,67.84
"2026-03-25 23:43:28",1094572,11.03,68.18,10.98,67.88
"2026-03-25 23:43:29",1094573,11.11,68.2,10.99,67.78
"2026-03-25 23:43:30",1094574,11.08,68.26,11.03,67.83
"2026-03-25 23:43:31",1094575,11.09,68.26,10.99,67.77
"2026-03-25 23:43:32",1094576,11.04,68.28,11.02,67.81
"2026-03-25 23:43:33",1094577,11.08,68.31,10.99,67.83
"2026-03-25 23:43:34",1094578,11.06,68.29,11.01,67.86
"2026-03-25 23:43:35",1094579,11.08,68.36,11.0,67.87
"2026-03-25 23:43:36",1094580,11.1,68.27,11.01,67.92
"2026-03-25 23:43:37",1094581,11.1,68.26,10.96,67.88
"2026-03-25 23:43:38",1094582,11.07,68.3,11.02,67.92
"2026-03-25 23:43:39",1094583,11.09,68.34,10.99,67.86
"2026-03-25 23:43:40",1094584,11.02,68.23,11.01,67.89
"2026-03-25 23:43:41",1094585,11.09,68.34,11.05,67.89
"2026-03-25 23:43:42",1094586,11.14,68.37,11.0,67.96
"2026-03-25 23:43:43",1094587,11.08,68.31,11.05,67.96
"2026-03-25 23:43:44",1094588,11.03,68.33,11.01,67.98
"2026-03-25 23:43:45",1094589,11.08,68.42,10.97,67.94
"2026-03-25 23:43:46",1094590,11.03,68.4,11.04,67.92
"2026-03-25 23:43:47",1094591,11.09,68.37,10.99,67.97
"2026-03-25 23:43:48",1094592,11.07,68.46,11.06,67.99
"2026-03-25 23:43:49",1094593,11.06,68.46,11.03,67.99
"2026-03-25 23:43:50",1094594,11.08,68.6,11.05,68.02
"2026-03-25 23:43:51",1094595,11.11,68.52,11.02,68.08
"2026-03-25 23:43:52",1094596,11.01,68.53,11.01,68.08
"2026-03-25 23:43:53",1094597,11.08,68.59,10.97,68.03
"2026-03-25 23:43:54",1094598,11.09,68.49,11.05,68.07
"2026-03-25 23:43:55",1094599,11.05,68.5,11.0,68.06
"2026-03-25 23:43:56",1094600,11.05,68.57,10.98,68.07
"2026-03-25 23:43:57",1094601,11.11,68.52,11.0,68.07
"2026-03-25 23:43:58",1094602,11.09,68.51,11.01,68.1
"2026-03-25 23:43:59",1094603,11.05,68.57,11.02,68.05
"2026-03-25 23:44:00",1094604,11.02,68.5,11.01,68.06
"2026-03-25 23:44:01",1094605,11.09,68.53,11.01,68.05
"2026-03-25 23:44:02",1094606,11.01,68.53,11.01,68.06
"2026-03-25 23:44:03",1094607,11.02,68.49,10.99,68.07
"2026-03-25 23:44:04",1094608,11.06,68.47,10.96,68.07
"2026-03-25 23:44:05",1094609,11.06,68.53,10.96,68.05
"2026-03-25 23:44:06",1094610,11.06,68.52,10.99,68.02
"2026-03-25 23:44:07",1094611,11.06,68.49,10.97,68.07
"2026-03-25 23:44:08",1094612,11.04,68.53,11.0,68.09
"2026-03-25 23:44:09",1094613,11.05,68.51,10.96,68.05
"2026-03-25 23:44:10",1094614,11.02,68.48,11.05,68.08
"2026-03-25 23:44:11",1094615,11.05,68.5,10.96,68.06
"2026-03-25 23:44:12",1094616,11.06,68.49,10.94,68.13
"2026-03-25 23:44:13",1094617,11.05,68.53,10.97,68.09
"2026-03-25 23:44:14",1094618,11.05,68.55,10.99,68.1
"2026-03-25 23:44:15",1094619,11.06,68.55,10.98,68.14
"2026-03-25 23:44:16",1094620,11.05,68.62,11.02,68.14
"2026-03-25 23:44:17",1094621,11.04,68.56,10.93,68.09
"2026-03-25 23:44:18",1094622,11.02,68.57,10.98,68.1
"2026-03-25 23:44:19",1094623,11.01,68.56,10.98,68.14
"2026-03-25 23:44:20",1094624,11.01,68.61,10.96,68.17
"2026-03-25 23:44:21",1094625,11.05,68.61,10.97,68.13
"2026-03-25 23:44:22",1094626,11.06,68.57,10.99,68.17
"2026-03-25 23:44:23",1094627,11.06,68.56,10.99,68.19
"2026-03-25 23:44:24",1094628,11.06,68.57,10.96,68.2
"2026-03-25 23:44:25",1094629,11.1,68.58,10.96,68.15
"2026-03-25 23:44:26",1094630,11.02,68.55,10.98,68.18
"2026-03-25 23:44:27",1094631,11.0,68.59,10.98,68.15
"2026-03-25 23:44:28",1094632,10.99,68.61,10.95,68.2
"2026-03-25 23:44:29",1094633,11.05,68.57,10.96,68.2
"2026-03-25 23:44:30",1094634,11.02,68.59,10.95,68.2
"2026-03-25 23:44:31",1094635,11.02,68.61,10.96,68.18
"2026-03-25 23:44:32",1094636,11.01,68.61,10.93,68.21
"2026-03-25 23:44:33",1094637,11.03,68.61,10.9,68.19
"2026-03-25 23:44:34",1094638,11.05,68.53,10.96,68.26
"2026-03-25 23:44:35",1094639,10.97,68.55,10.93,68.26
"2026-03-25 23:44:36",1094640,10.98,68.58,10.9,68.22
"2026-03-25 23:44:37",1094641,11.0,68.56,10.97,68.17
"2026-03-25 23:44:38",1094642,11.02,68.58,10.97,68.23
"2026-03-25 23:44:39",1094643,11.01,68.65,11.02,68.24
"2026-03-25 23:44:40",1094644,11.01,68.61,10.95,68.19
"2026-03-25 23:44:41",1094645,11.06,68.58,10.98,68.21
"2026-03-25 23:44:42",1094646,11.04,68.62,10.94,68.19
"2026-03-25 23:44:43",1094647,11.01,68.58,10.93,68.2
"2026-03-25 23:44:44",1094648,10.98,68.55,10.96,68.23
"2026-03-25 23:44:45",1094649,10.95,68.56,11.0,68.2
"2026-03-25 23:44:46",1094650,10.99,68.63,10.97,68.31
"2026-03-25 23:44:47",1094651,11.01,68.63,10.96,68.24
"2026-03-25 23:44:48",1094652,10.99,68.61,10.95,68.25
"2026-03-25 23:44:49",1094653,10.97,68.57,10.93,68.26
"2026-03-25 23:44:50",1094654,11.02,68.7,10.89,68.25
"2026-03-25 23:44:51",1094655,10.96,68.66,10.94,68.29
"2026-03-25 23:44:52",1094656,10.95,68.62,10.91,68.26
"2026-03-25 23:44:53",1094657,11.07,68.72,10.97,68.25
"2026-03-25 23:44:54",1094658,11.01,68.72,10.99,68.27
"2026-03-25 23:44:55",1094659,10.97,68.68,10.96,68.3
"2026-03-25 23:44:56",1094660,11.0,68.68,11.02,68.29
"2026-03-25 23:44:57",1094661,10.96,68.71,11.02,68.25
"2026-03-25 23:44:58",1094662,10.99,68.75,10.91,68.27
"2026-03-25 23:44:59",1094663,10.98,68.66,10.95,68.23
"2026-03-25 23:45:00",1094664,10.99,68.69,10.94,68.26
"2026-03-25 23:45:01",1094665,10.97,68.76,10.96,68.37
"2026-03-25 23:45:02",1094666,11.05,68.72,10.96,68.31
"2026-03-25 23:45:03",1094667,11.01,68.73,10.95,68.31
"2026-03-25 23:45:04",1094668,11.01,68.71,10.95,68.24
"2026-03-25 23:45:05",1094669,10.96,68.73,10.97,68.3
"2026-03-25 23:45:06",1094670,11.02,68.75,10.91,68.36
"2026-03-25 23:45:07",1094671,10.98,68.8,10.95,68.31
"2026-03-25 23:45:08",1094672,10.99,68.75,10.91,68.35
"2026-03-25 23:45:09",1094673,10.93,68.73,10.93,68.4
"2026-03-25 23:45:10",1094674,11.01,68.82,10.92,68.45
"2026-03-25 23:45:11",1094675,10.98,68.86,10.92,68.48
"2026-03-25 23:45:12",1094676,11.02,68.79,10.92,68.41
"2026-03-25 23:45:13",1094677,10.96,68.82,10.96,68.45
"2026-03-25 23:45:14",1094678,10.98,68.85,10.92,68.44
"2026-03-25 23:45:15",1094679,11.0,68.78,10.92,68.42
"2026-03-25 23:45:16",1094680,10.97,68.83,10.87,68.44
"2026-03-25 23:45:17",1094681,10.99,68.85,10.91,68.5
"2026-03-25 23:45:18",1094682,10.99,68.93,10.94,68.52
"2026-03-25 23:45:19",1094683,11.0,68.87,10.92,68.56
"2026-03-25 23:45:20",1094684,11.02,68.88,10.93,68.53
"2026-03-25 23:45:21",1094685,11.0,68.83,10.91,68.48
"2026-03-25 23:45:22",1094686,10.96,68.91,10.87,68.56
"2026-03-25 23:45:23",1094687,11.0,68.95,10.91,68.55
"2026-03-25 23:45:24",1094688,11.0,68.97,10.93,68.54
"2026-03-25 23:45:25",1094689,10.99,68.92,10.94,68.6
"2026-03-25 23:45:26",1094690,11.01,68.95,10.93,68.61
"2026-03-25 23:45:27",1094691,10.98,68.95,10.95,68.59
"2026-03-25 23:45:28",1094692,10.97,69.0,10.95,68.61
"2026-03-25 23:45:29",1094693,10.95,68.97,10.92,68.6
"2026-03-25 23:45:30",1094694,10.95,69.01,10.92,68.56
"2026-03-25 23:45:31",1094695,10.98,68.92,10.93,68.58
"2026-03-25 23:45:32",1094696,10.97,68.92,10.93,68.61
"2026-03-25 23:45:33",1094697,10.92,68.96,10.93,68.63
"2026-03-25 23:45:34",1094698,10.98,68.97,10.91,68.6
"2026-03-25 23:45:35",1094699,10.99,68.94,10.93,68.6
"2026-03-25 23:45:36",1094700,10.97,69.0,10.91,68.63
"2026-03-25 23:45:37",1094701,10.94,69.0,10.9,68.57
"2026-03-25 23:45:38",1094702,10.93,68.98,10.87,68.58
"2026-03-25 23:45:39",1094703,10.92,69.02,10.92,68.67
"2026-03-25 23:45:40",1094704,10.94,68.98,10.93,68.61
"2026-03-25 23:45:41",1094705,10.94,68.98,10.9,68.72
"2026-03-25 23:45:42",1094706,11.0,69.03,10.88,68.64
"2026-03-25 23:45:43",1094707,10.94,69.08,10.85,68.62
"2026-03-25 23:45:44",1094708,10.94,69.08,10.94,68.69
"2026-03-25 23:45:45",1094709,10.97,69.06,10.9,68.7
"2026-03-25 23:45:46",1094710,10.96,69.17,10.86,68.69
"2026-03-25 23:45:47",1094711,11.0,69.14,10.82,68.73
"2026-03-25 23:45:48",1094712,10.95,69.09,10.91,68.74
"2026-03-25 23:45:49",1094713,10.94,69.17,10.89,68.82
"2026-03-25 23:45:50",1094714,10.85,69.15,10.89,68.82
"2026-03-25 23:45:51",1094715,10.94,69.21,10.87,68.77
"2026-03-25 23:45:52",1094716,10.96,69.19,10.92,68.79
"2026-03-25 23:45:53",1094717,10.93,69.18,10.88,68.81
"2026-03-25 23:45:54",1094718,10.87,69.22,10.88,68.8
"2026-03-25 23:45:55",1094719,10.95,69.24,10.87,68.83
"2026-03-25 23:45:56",1094720,10.96,69.2,10.85,68.89
"2026-03-25 23:45:57",1094721,10.88,69.23,10.92,68.87
"2026-03-25 23:45:58",1094722,10.89,69.21,10.93,68.83
"2026-03-25 23:45:59",1094723,10.96,69.26,10.89,68.8
"2026-03-25 23:46:00",1094724,10.99,69.25,10.91,68.84
"2026-03-25 23:46:01",1094725,10.97,69.28,10.9,68.86
"2026-03-25 23:46:02",1094726,10.95,69.26,10.88,68.81
"2026-03-25 23:46:03",1094727,10.89,69.24,10.83,68.82
"2026-03-25 23:46:04",1094728,10.91,69.27,10.88,68.86
"2026-03-25 23:46:05",1094729,10.91,69.27,10.88,68.87
"2026-03-25 23:46:06",1094730,10.93,69.3,10.89,68.85
"2026-03-25 23:46:07",1094731,10.93,69.27,10.83,68.8
"2026-03-25 23:46:08",1094732,10.9,69.28,10.92,68.83
"2026-03-25 23:46:09",1094733,10.93,69.29,10.87,68.78
"2026-03-25 23:46:10",1094734,10.92,69.25,10.87,68.76
"2026-03-25 23:46:11",1094735,10.91,69.21,10.9,68.77
"2026-03-25 23:46:12",1094736,10.93,69.26,10.92,68.77
"2026-03-25 23:46:13",1094737,10.93,69.26,10.91,68.76
"2026-03-25 23:46:14",1094738,10.95,69.29,10.88,68.74
"2026-03-25 23:46:15",1094739,10.99,69.22,10.81,68.75
"2026-03-25 23:46:16",1094740,10.97,69.26,10.87,68.81
"2026-03-25 23:46:17",1094741,10.98,69.22,10.85,68.71
"2026-03-25 23:46:18",1094742,10.97,69.23,10.87,68.77
"2026-03-25 23:46:19",1094743,10.95,69.19,10.89,68.7
"2026-03-25 23:46:20",1094744,10.94,69.14,10.89,68.76
"2026-03-25 23:46:21",1094745,10.92,69.1,10.88,68.73
"2026-03-25 23:46:22",1094746,10.93,69.18,10.91,68.68
"2026-03-25 23:46:23",1094747,10.86,69.15,10.85,68.67
"2026-03-25 23:46:24",1094748,10.94,69.11,10.9,68.68
"2026-03-25 23:46:25",1094749,10.93,69.11,10.88,68.62
"2026-03-25 23:46:26",1094750,10.93,69.18,10.85,68.69
"2026-03-25 23:46:27",1094751,10.97,69.14,10.84,68.64
"2026-03-25 23:46:28",1094752,10.91,69.1,10.87,68.63
"2026-03-25 23:46:29",1094753,10.92,69.1,10.89,68.6
"2026-03-25 23:46:30",1094754,10.9,69.01,10.89,68.61
"2026-03-25 23:46:31",1094755,10.97,69.04,10.86,68.6
"2026-03-25 23:46:32",1094756,10.94,69.08,10.94,68.63
"2026-03-25 23:46:33",1094757,10.97,69.02,10.89,68.58
"2026-03-25 23:46:34",1094758,10.91,69.05,10.93,68.58
"2026-03-25 23:46:35",1094759,10.97,69.02,10.88,68.6
"2026-03-25 23:46:36",1094760,10.93,69.04,10.82,68.6
"2026-03-25 23:46:37",1094761,10.9,69.03,10.9,68.6
"2026-03-25 23:46:38",1094762,10.91,69.03,10.9,68.59
"2026-03-25 23:46:39",1094763,10.96,69.09,10.88,68.57
"2026-03-25 23:46:40",1094764,10.96,69.06,10.86,68.52
"2026-03-25 23:46:41",1094765,11.0,69.03,10.93,68.52
"2026-03-25 23:46:42",1094766,10.95,68.99,10.9,68.57
"2026-03-25 23:46:43",1094767,10.97,69.02,10.92,68.57
"2026-03-25 23:46:44",1094768,10.96,69.03,10.94,68.56
"2026-03-25 23:46:45",1094769,10.94,69.06,10.89,68.5
"2026-03-25 23:46:46",1094770,10.92,69.02,10.9,68.55
"2026-03-25 23:46:47",1094771,10.99,69.01,10.9,68.5
"2026-03-25 23:46:48",1094772,10.94,68.96,10.88,68.53
"2026-03-25 23:46:49",1094773,10.99,68.94,10.84,68.5
"2026-03-25 23:46:50",1094774,10.94,68.96,10.94,68.46
"2026-03-25 23:46:51",1094775,10.95,68.97,10.96,68.51
"2026-03-25 23:46:52",1094776,10.93,68.96,10.92,68.5
"2026-03-25 23:46:53",1094777,10.97,68.93,10.97,68.48
"2026-03-25 23:46:54",1094778,10.95,68.91,10.86,68.46
"2026-03-25 23:46:55",1094779,11.0,68.91,10.92,68.46
"2026-03-25 23:46:56",1094780,10.97,68.93,10.87,68.45
"2026-03-25 23:46:57",1094781,10.96,68.91,10.87,68.52
"2026-03-25 23:46:58",1094782,10.92,68.84,10.9,68.45
"2026-03-25 23:46:59",1094783,10.98,68.88,10.91,68.41
"2026-03-25 23:47:00",1094784,10.91,68.93,10.91,68.48
"2026-03-25 23:47:01",1094785,10.92,68.89,10.93,68.45
"2026-03-25 23:47:02",1094786,10.92,68.79,10.88,68.44
"2026-03-25 23:47:03",1094787,10.98,68.83,10.93,68.52
"2026-03-25 23:47:04",1094788,10.97,68.87,10.88,68.5
"2026-03-25 23:47:05",1094789,10.97,68.82,10.86,68.5
"2026-03-25 23:47:06",1094790,11.01,68.89,10.78,68.43
"2026-03-25 23:47:07",1094791,10.99,68.88,10.93,68.49
"2026-03-25 23:47:08",1094792,10.93,68.84,10.92,68.43
"2026-03-25 23:47:09",1094793,10.95,68.84,10.91,68.52
"2026-03-25 23:47:10",1094794,10.93,68.83,10.9,68.44
"2026-03-25 23:47:11",1094795,10.93,68.84,10.89,68.41
"2026-03-25 23:47:12",1094796,11.0,68.84,10.89,68.45
"2026-03-25 23:47:13",1094797,10.97,68.86,10.91,68.43
"2026-03-25 23:47:14",1094798,10.96,68.89,10.91,68.51
"2026-03-25 23:47:15",1094799,10.97,68.84,10.88,68.52
"2026-03-25 23:47:16",1094800,10.95,68.8,10.92,68.53
"2026-03-25 23:47:17",1094801,10.94,68.84,10.91,68.49
"2026-03-25 23:47:18",1094802,10.95,68.84,10.9,68.5
"2026-03-25 23:47:19",1094803,10.95,68.83,10.85,68.47
"2026-03-25 23:47:20",1094804,10.89,68.8,10.87,68.47
"2026-03-25 23:47:21",1094805,10.96,68.77,10.87,68.47
"2026-03-25 23:47:22",1094806,10.95,68.78,10.88,68.53
"2026-03-25 23:47:23",1094807,10.95,68.76,10.91,68.45
"2026-03-25 23:47:24",1094808,10.95,68.75,10.89,68.52
"2026-03-25 23:47:25",1094809,10.95,68.77,10.88,68.47
"2026-03-25 23:47:26",1094810,10.88,68.8,10.9,68.52
"2026-03-25 23:47:27",1094811,10.95,68.84,10.91,68.46
"2026-03-25 23:47:28",1094812,10.93,68.79,10.85,68.53
"2026-03-25 23:47:29",1094813,10.88,68.86,10.85,68.53
"2026-03-25 23:47:30",1094814,10.98,68.85,10.82,68.52
"2026-03-25 23:47:31",1094815,10.98,68.84,10.89,68.49
"2026-03-25 23:47:32",1094816,10.91,68.91,10.92,68.53
"2026-03-25 23:47:33",1094817,10.95,68.91,10.83,68.51
"2026-03-25 23:47:34",1094818,10.88,68.88,10.9,68.53
"2026-03-25 23:47:35",1094819,10.84,68.85,10.89,68.51
"2026-03-25 23:47:36",1094820,10.92,68.95,10.85,68.54
"2026-03-25 23:47:37",1094821,10.9,68.96,10.84,68.5
"2026-03-25 23:47:38",1094822,10.96,68.94,10.91,68.6
"2026-03-25 23:47:39",1094823,10.95,68.95,10.85,68.59
"2026-03-25 23:47:40",1094824,10.94,68.99,10.92,68.62
"2026-03-25 23:47:41",1094825,10.92,68.98,10.84,68.6
"2026-03-25 23:47:42",1094826,10.94,69.03,10.88,68.62
"2026-03-25 23:47:43",1094827,10.91,69.03,10.82,68.63
"2026-03-25 23:47:44",1094828,10.95,69.07,10.87,68.71
"2026-03-25 23:47:45",1094829,10.92,69.07,10.84,68.69
"2026-03-25 23:47:46",1094830,10.95,69.15,10.87,68.76
"2026-03-25 23:47:47",1094831,10.9,69.07,10.87,68.7
"2026-03-25 23:47:48",1094832,10.88,69.13,10.88,68.69
"2026-03-25 23:47:49",1094833,10.95,69.13,10.89,68.74
"2026-03-25 23:47:50",1094834,10.94,69.15,10.88,68.69
"2026-03-25 23:47:51",1094835,10.92,69.21,10.88,68.69
"2026-03-25 23:47:52",1094836,10.98,69.23,10.85,68.76
"2026-03-25 23:47:53",1094837,10.94,69.24,10.88,68.78
"2026-03-25 23:47:54",1094838,10.86,69.3,10.93,68.78
"2026-03-25 23:47:55",1094839,10.92,69.26,10.88,68.81
"2026-03-25 23:47:56",1094840,10.95,69.35,10.89,68.81
"2026-03-25 23:47:57",1094841,10.9,69.31,10.91,68.84
"2026-03-25 23:47:58",1094842,10.91,69.33,10.87,68.84
"2026-03-25 23:47:59",1094843,10.88,69.32,10.85,68.86
"2026-03-25 23:48:00",1094844,10.93,69.35,10.82,68.87
"2026-03-25 23:48:01",1094845,10.91,69.39,10.85,68.88
"2026-03-25 23:48:02",1094846,10.88,69.34,10.9,68.9
"2026-03-25 23:48:03",1094847,10.88,69.28,10.87,68.96
"2026-03-25 23:48:04",1094848,10.91,69.4,10.84,68.95
"2026-03-25 23:48:05",1094849,10.86,69.38,10.82,68.95
"2026-03-25 23:48:06",1094850,10.92,69.35,10.83,68.96
"2026-03-25 23:48:07",1094851,10.88,69.35,10.79,68.94
"2026-03-25 23:48:08",1094852,10.88,69.44,10.83,68.95
"2026-03-25 23:48:09",1094853,10.95,69.42,10.88,68.98
"2026-03-25 23:48:10",1094854,10.91,69.46,10.86,68.93
"2026-03-25 23:48:11",1094855,10.85,69.38,10.85,68.93
"2026-03-25 23:48:12",1094856,10.9,69.43,10.87,68.93
"2026-03-25 23:48:13",1094857,10.89,69.37,10.85,68.96
"2026-03-25 23:48:14",1094858,10.88,69.37,10.81,68.92
"2026-03-25 23:48:15",1094859,10.95,69.38,10.86,68.96
"2026-03-25 23:48:16",1094860,10.91,69.36,10.81,68.94
"2026-03-25 23:48:17",1094861,10.9,69.35,10.84,69.01
"2026-03-25 23:48:18",1094862,10.9,69.33,10.78,69.02
"2026-03-25 23:48:19",1094863,10.89,69.33,10.84,69.0
"2026-03-25 23:48:20",1094864,10.85,69.32,10.75,69.01
"2026-03-25 23:48:21",1094865,10.91,69.26,10.84,69.0
"2026-03-25 23:48:22",1094866,10.89,69.26,10.83,68.97
"2026-03-25 23:48:23",1094867,10.9,69.32,10.83,68.94
"2026-03-25 23:48:24",1094868,10.87,69.29,10.81,69.0
"2026-03-25 23:48:25",1094869,10.89,69.28,10.86,68.99
"2026-03-25 23:48:26",1094870,10.9,69.28,10.83,68.97
"2026-03-25 23:48:27",1094871,10.97,69.27,10.84,68.95
"2026-03-25 23:48:28",1094872,10.85,69.28,10.75,69.0
"2026-03-25 23:48:29",1094873,10.89,69.25,10.77,68.99
"2026-03-25 23:48:30",1094874,10.91,69.25,10.77,68.99
"2026-03-25 23:48:31",1094875,10.88,69.27,10.82,68.99
"2026-03-25 23:48:32",1094876,10.93,69.3,10.79,68.98
"2026-03-25 23:48:33",1094877,10.91,69.34,10.82,69.02
"2026-03-25 23:48:34",1094878,10.84,69.37,10.85,69.06
"2026-03-25 23:48:35",1094879,10.94,69.36,10.8,69.07
"2026-03-25 23:48:36",1094880,10.86,69.32,10.89,69.06
"2026-03-25 23:48:37",1094881,10.82,69.33,10.87,69.05
"2026-03-25 23:48:38",1094882,10.87,69.36,10.84,69.05
"2026-03-25 23:48:39",1094883,10.9,69.39,10.86,69.06
"2026-03-25 23:48:40",1094884,10.92,69.37,10.83,69.07
"2026-03-25 23:48:41",1094885,10.91,69.42,10.83,69.12
"2026-03-25 23:48:42",1094886,10.91,69.43,10.85,69.14
"2026-03-25 23:48:43",1094887,10.88,69.44,10.85,69.09
"2026-03-25 23:48:44",1094888,10.9,69.38,10.82,69.12
"2026-03-25 23:48:45",1094889,10.89,69.53,10.92,69.08
"2026-03-25 23:48:46",1094890,10.83,69.45,10.85,69.09
"2026-03-25 23:48:47",1094891,10.94,69.42,10.81,69.1
"2026-03-25 23:48:48",1094892,10.91,69.49,10.8,69.1
"2026-03-25 23:48:49",1094893,10.87,69.44,10.85,69.08
"2026-03-25 23:48:50",1094894,10.91,69.48,10.79,69.09
"2026-03-25 23:48:51",1094895,10.95,69.49,10.79,69.12
"2026-03-25 23:48:52",1094896,10.85,69.45,10.83,69.11
"2026-03-25 23:48:53",1094897,10.9,69.44,10.79,69.17
"2026-03-25 23:48:54",1094898,10.91,69.51,10.79,69.11
"2026-03-25 23:48:55",1094899,10.87,69.48,10.83,69.11
"2026-03-25 23:48:56",1094900,10.89,69.52,10.9,69.11
"2026-03-25 23:48:57",1094901,10.93,69.49,10.86,69.18
"2026-03-25 23:48:58",1094902,10.93,69.5,10.84,69.2
"2026-03-25 23:48:59",1094903,10.92,69.5,10.82,69.15
"2026-03-25 23:49:00",1094904,10.92,69.57,10.86,69.22
"2026-03-25 23:49:01",1094905,10.93,69.52,10.78,69.16
"2026-03-25 23:49:02",1094906,10.91,69.53,10.82,69.24
"2026-03-25 23:49:03",1094907,10.91,69.59,10.85,69.17
"2026-03-25 23:49:04",1094908,10.93,69.55,10.8,69.2
"2026-03-25 23:49:05",1094909,10.9,69.61,10.86,69.18
"2026-03-25 23:49:06",1094910,10.9,69.62,10.79,69.15
"2026-03-25 23:49:07",1094911,10.87,69.57,10.81,69.13
"2026-03-25 23:49:08",1094912,10.87,69.58,10.76,69.13
"2026-03-25 23:49:09",1094913,10.91,69.57,10.8,69.13
"2026-03-25 23:49:10",1094914,10.81,69.51,10.78,69.09
"2026-03-25 23:49:11",1094915,10.86,69.53,10.76,69.09
"2026-03-25 23:49:12",1094916,10.96,69.57,10.78,69.11
"2026-03-25 23:49:13",1094917,10.86,69.53,10.84,69.11
"2026-03-25 23:49:14",1094918,10.89,69.6,10.84,69.09
"2026-03-25 23:49:15",1094919,10.84,69.6,10.85,69.1
"2026-03-25 23:49:16",1094920,10.85,69.57,10.85,69.06
"2026-03-25 23:49:17",1094921,10.85,69.53,10.85,69.07
"2026-03-25 23:49:18",1094922,10.9,69.47,10.83,69.08
"2026-03-25 23:49:19",1094923,10.83,69.49,10.78,69.07
"2026-03-25 23:49:20",1094924,10.9,69.47,10.81,69.03
"2026-03-25 23:49:21",1094925,10.92,69.5,10.79,69.02
"2026-03-25 23:49:22",1094926,10.92,69.46,10.84,69.02
"2026-03-25 23:49:23",1094927,10.85,69.41,10.78,69.0
"2026-03-25 23:49:24",1094928,10.88,69.39,10.85,68.95
"2026-03-25 23:49:25",1094929,10.88,69.38,10.8,68.97
"2026-03-25 23:49:26",1094930,10.88,69.35,10.78,68.88
"2026-03-25 23:49:27",1094931,10.84,69.33,10.76,68.9
"2026-03-25 23:49:28",1094932,10.89,69.36,10.85,68.81
"2026-03-25 23:49:29",1094933,10.88,69.32,10.84,68.81
"2026-03-25 23:49:30",1094934,10.85,69.32,10.84,68.83
"2026-03-25 23:49:31",1094935,10.85,69.33,10.83,68.86
"2026-03-25 23:49:32",1094936,10.88,69.31,10.83,68.83
"2026-03-25 23:49:33",1094937,10.82,69.26,10.86,68.79
"2026-03-25 23:49:34",1094938,10.91,69.28,10.85,68.79
"2026-03-25 23:49:35",1094939,10.86,69.14,10.84,68.72
"2026-03-25 23:49:36",1094940,10.86,69.27,10.81,68.77
"2026-03-25 23:49:37",1094941,10.92,69.17,10.8,68.78
"2026-03-25 23:49:38",1094942,10.91,69.17,10.81,68.7
"2026-03-25 23:49:39",1094943,10.84,69.25,10.84,68.69
"2026-03-25 23:49:40",1094944,10.93,69.16,10.8,68.64
"2026-03-25 23:49:41",1094945,10.9,69.1,10.84,68.64
"2026-03-25 23:49:42",1094946,10.87,69.1,10.79,68.65
"2026-03-25 23:49:43",1094947,10.89,69.08,10.77,68.68
"2026-03-25 23:49:44",1094948,10.9,69.21,10.78,68.62
"2026-03-25 23:49:45",1094949,10.87,69.18,10.88,68.59
"2026-03-25 23:49:46",1094950,10.85,69.12,10.77,68.65
"2026-03-25 23:49:47",1094951,10.84,69.12,10.83,68.61
"2026-03-25 23:49:48",1094952,10.93,69.13,10.81,68.63
"2026-03-25 23:49:49",1094953,10.85,69.06,10.85,68.61
"2026-03-25 23:49:50",1094954,10.88,69.1,10.8,68.52
"2026-03-25 23:49:51",1094955,10.9,69.05,10.83,68.52
"2026-03-25 23:49:52",1094956,10.89,69.03,10.81,68.49
"2026-03-25 23:49:53",1094957,10.91,69.01,10.81,68.56
"2026-03-25 23:49:54",1094958,10.88,68.96,10.83,68.49
"2026-03-25 23:49:55",1094959,10.86,68.92,10.84,68.44
"2026-03-25 23:49:56",1094960,10.84,68.98,10.81,68.42
"2026-03-25 23:49:57",1094961,10.88,68.89,10.83,68.42
"2026-03-25 23:49:58",1094962,10.91,68.89,10.8,68.41
"2026-03-25 23:49:59",1094963,10.84,68.89,10.83,68.36
"2026-03-25 23:50:00",1094964,10.9,68.91,10.83,68.36
"2026-03-25 23:50:01",1094965,10.91,68.85,10.87,68.4
"2026-03-25 23:50:02",1094966,10.87,68.87,10.84,68.45
"2026-03-25 23:50:03",1094967,10.88,68.8,10.83,68.41
"2026-03-25 23:50:04",1094968,10.87,68.89,10.82,68.34
"2026-03-25 23:50:05",1094969,10.84,68.76,10.85,68.36
"2026-03-25 23:50:06",1094970,10.87,68.75,10.85,68.31
"2026-03-25 23:50:07",1094971,10.85,68.79,10.82,68.34
"2026-03-25 23:50:08",1094972,10.9,68.74,10.82,68.27
"2026-03-25 23:50:09",1094973,10.95,68.7,10.8,68.35
"2026-03-25 23:50:10",1094974,10.86,68.75,10.87,68.29
"2026-03-25 23:50:11",1094975,10.86,68.78,10.81,68.27
"2026-03-25 23:50:12",1094976,10.88,68.71,10.85,68.25
"2026-03-25 23:50:13",1094977,10.88,68.73,10.82,68.25
"2026-03-25 23:50:14",1094978,10.88,68.69,10.82,68.23
"2026-03-25 23:50:15",1094979,10.87,68.67,10.76,68.23
"2026-03-25 23:50:16",1094980,10.91,68.71,10.84,68.21
"2026-03-25 23:50:17",1094981,10.84,68.77,10.77,68.24
"2026-03-25 23:50:18",1094982,10.9,68.69,10.81,68.22
"2026-03-25 23:50:19",1094983,10.91,68.74,10.82,68.24
"2026-03-25 23:50:20",1094984,10.85,68.77,10.87,68.24
"2026-03-25 23:50:21",1094985,10.91,68.71,10.82,68.19
"2026-03-25 23:50:22",1094986,10.9,68.69,10.83,68.15
"2026-03-25 23:50:23",1094987,10.83,68.75,10.82,68.16
"2026-03-25 23:50:24",1094988,10.92,68.77,10.84,68.16
"2026-03-25 23:50:25",1094989,10.91,68.71,10.84,68.16
"2026-03-25 23:50:26",1094990,10.86,68.66,10.81,68.12
"2026-03-25 23:50:27",1094991,10.9,68.66,10.86,68.09
"2026-03-25 23:50:28",1094992,10.89,68.68,10.83,68.06
"2026-03-25 23:50:29",1094993,10.84,68.64,10.84,68.02
"2026-03-25 23:50:30",1094994,10.85,68.55,10.8,67.93
"2026-03-25 23:50:31",1094995,10.87,68.57,10.81,67.98
"2026-03-25 23:50:32",1094996,10.91,68.63,10.82,67.95
"2026-03-25 23:50:33",1094997,10.9,68.55,10.81,67.91
"2026-03-25 23:50:34",1094998,10.85,68.56,10.78,67.89
"2026-03-25 23:50:35",1094999,10.88,68.55,10.78,67.89
"2026-03-25 23:50:36",1095000,10.92,68.55,10.82,67.9
"2026-03-25 23:50:37",1095001,10.85,68.48,10.82,67.8
"2026-03-25 23:50:38",1095002,10.85,68.46,10.78,67.82
"2026-03-25 23:50:39",1095003,10.84,68.42,10.81,67.83
"2026-03-25 23:50:40",1095004,10.83,68.43,10.77,67.79
"2026-03-25 23:50:41",1095005,10.93,68.36,10.82,67.79
"2026-03-25 23:50:42",1095006,10.9,68.39,10.74,67.79
"2026-03-25 23:50:43",1095007,10.86,68.36,10.77,67.76
"2026-03-25 23:50:44",1095008,10.87,68.39,10.78,67.76
"2026-03-25 23:50:45",1095009,10.94,68.32,10.81,67.72
"2026-03-25 23:50:46",1095010,10.89,68.28,10.75,67.75
"2026-03-25 23:50:47",1095011,10.87,68.34,10.85,67.7
"2026-03-25 23:50:48",1095012,10.88,68.3,10.81,67.71
"2026-03-25 23:50:49",1095013,10.87,68.31,10.81,67.71
"2026-03-25 23:50:50",1095014,10.89,68.3,10.79,67.72
"2026-03-25 23:50:51",1095015,10.89,68.35,10.84,67.66
"2026-03-25 23:50:52",1095016,10.94,68.28,10.84,67.65
"2026-03-25 23:50:53",1095017,10.88,68.29,10.83,67.64
"2026-03-25 23:50:54",1095018,10.84,68.34,10.81,67.68
"2026-03-25 23:50:55",1095019,10.91,68.25,10.81,67.66
"2026-03-25 23:50:56",1095020,10.92,68.27,10.85,67.61
"2026-03-25 23:50:57",1095021,10.86,68.34,10.84,67.7
"2026-03-25 23:50:58",1095022,10.93,68.27,10.84,67.72
"2026-03-25 23:50:59",1095023,10.88,68.25,10.84,67.73
"2026-03-25 23:51:00",1095024,10.88,68.3,10.83,67.71
"2026-03-25 23:51:01",1095025,10.93,68.33,10.83,67.69
"2026-03-25 23:51:02",1095026,10.87,68.27,10.83,67.69
"2026-03-25 23:51:03",1095027,10.88,68.29,10.84,67.68
"2026-03-25 23:51:04",1095028,10.91,68.31,10.83,67.68
"2026-03-25 23:51:05",1095029,10.89,68.39,10.81,67.73
"2026-03-25 23:51:06",1095030,10.91,68.32,10.86,67.68
"2026-03-25 23:51:07",1095031,10.9,68.35,10.8,67.68
"2026-03-25 23:51:08",1095032,10.88,68.37,10.76,67.68
"2026-03-25 23:51:09",1095033,10.87,68.26,10.77,67.66
"2026-03-25 23:51:10",1095034,10.88,68.32,10.78,67.66
"2026-03-25 23:51:11",1095035,10.8,68.31,10.84,67.66
"2026-03-25 23:51:12",1095036,10.88,68.29,10.81,67.69
"2026-03-25 23:51:13",1095037,10.9,68.32,10.82,67.75
"2026-03-25 23:51:14",1095038,10.85,68.38,10.85,67.74
"2026-03-25 23:51:15",1095039,10.85,68.37,10.85,67.74
"2026-03-25 23:51:16",1095040,10.87,68.39,10.86,67.75
"2026-03-25 23:51:17",1095041,10.85,68.35,10.85,67.78
"2026-03-25 23:51:18",1095042,10.88,68.3,10.83,67.75
"2026-03-25 23:51:19",1095043,10.91,68.31,10.84,67.8
"2026-03-25 23:51:20",1095044,10.86,68.44,10.88,67.77
"2026-03-25 23:51:21",1095045,10.91,68.45,10.84,67.86
"2026-03-25 23:51:22",1095046,10.91,68.45,10.86,67.89
"2026-03-25 23:51:23",1095047,10.91,68.43,10.85,67.83
"2026-03-25 23:51:24",1095048,10.93,68.45,10.86,67.86
"2026-03-25 23:51:25",1095049,10.91,68.48,10.79,67.81
"2026-03-25 23:51:26",1095050,10.89,68.4,10.83,67.85
"2026-03-25 23:51:27",1095051,10.89,68.39,10.82,67.88
"2026-03-25 23:51:28",1095052,10.82,68.39,10.88,67.93
"2026-03-25 23:51:29",1095053,10.89,68.4,10.84,67.88
"2026-03-25 23:51:30",1095054,10.93,68.48,10.85,67.95
"2026-03-25 23:51:31",1095055,10.81,68.47,10.8,67.91
"2026-03-25 23:51:32",1095056,10.84,68.5,10.84,67.96
"2026-03-25 23:51:33",1095057,10.91,68.49,10.8,67.98
"2026-03-25 23:51:34",1095058,10.86,68.48,10.82,67.92
"2026-03-25 23:51:35",1095059,10.79,68.54,10.82,67.93
"2026-03-25 23:51:36",1095060,10.82,68.56,10.82,67.99
"2026-03-25 23:51:37",1095061,10.91,68.55,10.83,68.01
"2026-03-25 23:51:38",1095062,10.86,68.57,10.87,68.03
"2026-03-25 23:51:39",1095063,10.85,68.58,10.82,68.02
"2026-03-25 23:51:40",1095064,10.85,68.61,10.88,67.96
"2026-03-25 23:51:41",1095065,10.89,68.61,10.84,68.06
"2026-03-25 23:51:42",1095066,10.88,68.58,10.83,68.02
"2026-03-25 23:51:43",1095067,10.87,68.6,10.83,68.02
"2026-03-25 23:51:44",1095068,10.83,68.57,10.84,68.09
"2026-03-25 23:51:45",1095069,10.87,68.62,10.82,68.09
"2026-03-25 23:51:46",1095070,10.91,68.62,10.83,68.15
"2026-03-25 23:51:47",1095071,10.89,68.61,10.81,68.11
"2026-03-25 23:51:48",1095072,10.82,68.58,10.83,68.13
"2026-03-25 23:51:49",1095073,10.87,68.61,10.82,68.12
"2026-03-25 23:51:50",1095074,10.88,68.58,10.76,68.14
"2026-03-25 23:51:51",1095075,10.91,68.58,10.82,68.09
"2026-03-25 23:51:52",1095076,10.79,68.58,10.78,68.12
"2026-03-25 23:51:53",1095077,10.9,68.7,10.82,68.17
"2026-03-25 23:51:54",1095078,10.89,68.72,10.78,68.18
"2026-03-25 23:51:55",1095079,10.83,68.66,10.77,68.15
"2026-03-25 23:51:56",1095080,10.86,68.61,10.82,68.21
"2026-03-25 23:51:57",1095081,10.89,68.73,10.82,68.19
"2026-03-25 23:51:58",1095082,10.8,68.73,10.79,68.2
"2026-03-25 23:51:59",1095083,10.87,68.72,10.83,68.3
"2026-03-25 23:52:00",1095084,10.88,68.72,10.79,68.3
"2026-03-25 23:52:01",1095085,10.86,68.81,10.85,68.38
"2026-03-25 23:52:02",1095086,10.91,68.82,10.81,68.35
"2026-03-25 23:52:03",1095087,10.88,68.87,10.86,68.29
"2026-03-25 23:52:04",1095088,10.86,68.88,10.82,68.37
"2026-03-25 23:52:05",1095089,10.87,68.91,10.77,68.44
"2026-03-25 23:52:06",1095090,10.87,68.9,10.76,68.44
"2026-03-25 23:52:07",1095091,10.89,68.93,10.8,68.47
"2026-03-25 23:52:08",1095092,10.84,68.96,10.78,68.52
"2026-03-25 23:52:09",1095093,10.9,68.97,10.82,68.51
"2026-03-25 23:52:10",1095094,10.86,69.03,10.81,68.52
"2026-03-25 23:52:11",1095095,10.91,69.03,10.84,68.5
"2026-03-25 23:52:12",1095096,10.88,69.04,10.73,68.56
"2026-03-25 23:52:13",1095097,10.83,69.08,10.73,68.57
"2026-03-25 23:52:14",1095098,10.79,69.05,10.76,68.61
"2026-03-25 23:52:15",1095099,10.86,69.07,10.8,68.63
"2026-03-25 23:52:16",1095100,10.86,69.08,10.74,68.66
"2026-03-25 23:52:17",1095101,10.88,69.15,10.85,68.64
"2026-03-25 23:52:18",1095102,10.83,69.11,10.8,68.72
"2026-03-25 23:52:19",1095103,10.86,69.17,10.82,68.67
"2026-03-25 23:52:20",1095104,10.85,69.12,10.77,68.69
"2026-03-25 23:52:21",1095105,10.84,69.17,10.77,68.72
"2026-03-25 23:52:22",1095106,10.83,69.21,10.81,68.77
"2026-03-25 23:52:23",1095107,10.82,69.17,10.85,68.79
"2026-03-25 23:52:24",1095108,10.86,69.16,10.76,68.86
"2026-03-25 23:52:25",1095109,10.79,69.26,10.84,68.81
"2026-03-25 23:52:26",1095110,10.83,69.35,10.81,68.82
"2026-03-25 23:52:27",1095111,10.85,69.29,10.81,68.83
"2026-03-25 23:52:28",1095112,10.83,69.32,10.76,68.83
"2026-03-25 23:52:29",1095113,10.82,69.33,10.79,68.86
"2026-03-25 23:52:30",1095114,10.83,69.28,10.76,68.93
"2026-03-25 23:52:31",1095115,10.85,69.33,10.77,68.99
"2026-03-25 23:52:32",1095116,10.82,69.37,10.75,69.0
"2026-03-25 23:52:33",1095117,10.85,69.41,10.74,69.01
"2026-03-25 23:52:34",1095118,10.83,69.44,10.79,69.07
"2026-03-25 23:52:35",1095119,10.85,69.5,10.75,69.06
"2026-03-25 23:52:36",1095120,10.84,69.46,10.74,69.08
"2026-03-25 23:52:37",1095121,10.79,69.45,10.74,69.11
"2026-03-25 23:52:38",1095122,10.79,69.49,10.79,69.06
"2026-03-25 23:52:39",1095123,10.84,69.54,10.74,69.19
"2026-03-25 23:52:40",1095124,10.76,69.55,10.74,69.21
"2026-03-25 23:52:41",1095125,10.8,69.58,10.79,69.17
"2026-03-25 23:52:42",1095126,10.81,69.61,10.8,69.25
"2026-03-25 23:52:43",1095127,10.77,69.62,10.78,69.18
"2026-03-25 23:52:44",1095128,10.77,69.64,10.74,69.24
"2026-03-25 23:52:45",1095129,10.8,69.62,10.74,69.23
"2026-03-25 23:52:46",1095130,10.78,69.63,10.72,69.27
"2026-03-25 23:52:47",1095131,10.78,69.62,10.76,69.27
"2026-03-25 23:52:48",1095132,10.75,69.67,10.71,69.33
"2026-03-25 23:52:49",1095133,10.79,69.6,10.72,69.31
"2026-03-25 23:52:50",1095134,10.8,69.61,10.67,69.31
"2026-03-25 23:52:51",1095135,10.8,69.67,10.69,69.35
"2026-03-25 23:52:52",1095136,10.78,69.68,10.68,69.33
"2026-03-25 23:52:53",1095137,10.79,69.6,10.64,69.33
"2026-03-25 23:52:54",1095138,10.76,69.69,10.8,69.36
"2026-03-25 23:52:55",1095139,10.74,69.69,10.73,69.39
"2026-03-25 23:52:56",1095140,10.79,69.63,10.73,69.36
"2026-03-25 23:52:57",1095141,10.7,69.64,10.77,69.38
"2026-03-25 23:52:58",1095142,10.75,69.7,10.7,69.31
"2026-03-25 23:52:59",1095143,10.76,69.74,10.76,69.44
"2026-03-25 23:53:00",1095144,10.74,69.71,10.77,69.36
"2026-03-25 23:53:01",1095145,10.77,69.71,10.74,69.44
"2026-03-25 23:53:02",1095146,10.78,69.76,10.66,69.43
"2026-03-25 23:53:03",1095147,10.77,69.78,10.72,69.45
"2026-03-25 23:53:04",1095148,10.8,69.77,10.65,69.47
"2026-03-25 23:53:05",1095149,10.75,69.78,10.72,69.49
"2026-03-25 23:53:06",1095150,10.76,69.78,10.76,69.48
"2026-03-25 23:53:07",1095151,10.81,69.83,10.72,69.51
"2026-03-25 23:53:08",1095152,10.78,69.85,10.7,69.51
"2026-03-25 23:53:09",1095153,10.7,69.87,10.74,69.52
"2026-03-25 23:53:10",1095154,10.76,69.86,10.71,69.58
"2026-03-25 23:53:11",1095155,10.77,69.88,10.66,69.61
"2026-03-25 23:53:12",1095156,10.75,69.91,10.75,69.54
"2026-03-25 23:53:13",1095157,10.78,69.91,10.69,69.58
"2026-03-25 23:53:14",1095158,10.79,69.91,10.76,69.51
"2026-03-25 23:53:15",1095159,10.75,69.96,10.7,69.54
"2026-03-25 23:53:16",1095160,10.75,69.97,10.68,69.55
"2026-03-25 23:53:17",1095161,10.74,69.9,10.64,69.56
"2026-03-25 23:53:18",1095162,10.73,69.97,10.69,69.63
"2026-03-25 23:53:19",1095163,10.75,69.99,10.7,69.58
"2026-03-25 23:53:20",1095164,10.78,69.97,10.67,69.65
"2026-03-25 23:53:21",1095165,10.73,70.03,10.64,69.61
"2026-03-25 23:53:22",1095166,10.77,69.99,10.7,69.64
"2026-03-25 23:53:23",1095167,10.8,70.07,10.67,69.6
"2026-03-25 23:53:24",1095168,10.75,70.01,10.68,69.65
"2026-03-25 23:53:25",1095169,10.8,70.09,10.64,69.63
"2026-03-25 23:53:26",1095170,10.78,70.07,10.63,69.73
"2026-03-25 23:53:27",1095171,10.7,70.03,10.67,69.7
"2026-03-25 23:53:28",1095172,10.68,70.07,10.59,69.71
"2026-03-25 23:53:29",1095173,10.78,70.11,10.62,69.6
"2026-03-25 23:53:30",1095174,10.75,70.13,10.65,69.72
"2026-03-25 23:53:31",1095175,10.75,70.06,10.67,69.69
"2026-03-25 23:53:32",1095176,10.78,70.16,10.66,69.69
"2026-03-25 23:53:33",1095177,10.74,70.18,10.6,69.66
"2026-03-25 23:53:34",1095178,10.73,70.23,10.71,69.75
"2026-03-25 23:53:35",1095179,10.77,70.17,10.73,69.78
"2026-03-25 23:53:36",1095180,10.73,70.13,10.72,69.78
"2026-03-25 23:53:37",1095181,10.7,70.24,10.71,69.79
"2026-03-25 23:53:38",1095182,10.75,70.26,10.71,69.77
"2026-03-25 23:53:39",1095183,10.78,70.21,10.71,69.76
"2026-03-25 23:53:40",1095184,10.72,70.27,10.66,69.8
"2026-03-25 23:53:41",1095185,10.77,70.31,10.66,69.83
"2026-03-25 23:53:42",1095186,10.78,70.3,10.68,69.79
"2026-03-25 23:53:43",1095187,10.7,70.33,10.64,69.84
"2026-03-25 23:53:44",1095188,10.75,70.3,10.68,69.8
"2026-03-25 23:53:45",1095189,10.74,70.33,10.65,69.83
"2026-03-25 23:53:46",1095190,10.76,70.38,10.65,69.82
"2026-03-25 23:53:47",1095191,10.72,70.37,10.62,69.89
"2026-03-25 23:53:48",1095192,10.74,70.45,10.6,69.92
"2026-03-25 23:53:49",1095193,10.77,70.42,10.64,69.93
"2026-03-25 23:53:50",1095194,10.74,70.47,10.69,70.01
"2026-03-25 23:53:51",1095195,10.75,70.47,10.64,69.94
"2026-03-25 23:53:52",1095196,10.76,70.45,10.68,70.02
"2026-03-25 23:53:53",1095197,10.7,70.45,10.63,70.0
"2026-03-25 23:53:54",1095198,10.69,70.53,10.62,70.03
"2026-03-25 23:53:55",1095199,10.7,70.57,10.63,69.96
"2026-03-25 23:53:56",1095200,10.68,70.57,10.62,69.99
"2026-03-25 23:53:57",1095201,10.69,70.54,10.64,70.03
"2026-03-25 23:53:58",1095202,10.74,70.56,10.63,70.05
"2026-03-25 23:53:59",1095203,10.75,70.55,10.62,70.03
"2026-03-25 23:54:00",1095204,10.69,70.59,10.64,70.03
"2026-03-25 23:54:01",1095205,10.71,70.57,10.64,70.06
"2026-03-25 23:54:02",1095206,10.7,70.61,10.59,70.03
"2026-03-25 23:54:03",1095207,10.69,70.69,10.66,70.09
"2026-03-25 23:54:04",1095208,10.75,70.69,10.63,70.06
"2026-03-25 23:54:05",1095209,10.71,70.66,10.7,70.1
"2026-03-25 23:54:06",1095210,10.67,70.69,10.7,70.14
"2026-03-25 23:54:07",1095211,10.72,70.7,10.64,70.23
"2026-03-25 23:54:08",1095212,10.68,70.65,10.61,70.19
"2026-03-25 23:54:09",1095213,10.67,70.7,10.63,70.19
"2026-03-25 23:54:10",1095214,10.7,70.76,10.61,70.18
"2026-03-25 23:54:11",1095215,10.69,70.75,10.63,70.22
"2026-03-25 23:54:12",1095216,10.67,70.73,10.58,70.24
"2026-03-25 23:54:13",1095217,10.69,70.76,10.64,70.24
"2026-03-25 23:54:14",1095218,10.7,70.78,10.6,70.27
"2026-03-25 23:54:15",1095219,10.67,70.75,10.66,70.25
"2026-03-25 23:54:16",1095220,10.62,70.78,10.63,70.3
"2026-03-25 23:54:17",1095221,10.7,70.79,10.64,70.28
"2026-03-25 23:54:18",1095222,10.68,70.85,10.63,70.27
"2026-03-25 23:54:19",1095223,10.69,70.92,10.65,70.27
"2026-03-25 23:54:20",1095224,10.72,70.83,10.61,70.33
"2026-03-25 23:54:21",1095225,10.67,70.82,10.63,70.35
"2026-03-25 23:54:22",1095226,10.68,70.85,10.62,70.36
"2026-03-25 23:54:23",1095227,10.67,70.89,10.65,70.38
"2026-03-25 23:54:24",1095228,10.63,70.93,10.6,70.33
"2026-03-25 23:54:25",1095229,10.64,70.93,10.65,70.38
"2026-03-25 23:54:26",1095230,10.71,70.96,10.65,70.4
"2026-03-25 23:54:27",1095231,10.66,70.96,10.62,70.39
"2026-03-25 23:54:28",1095232,10.69,70.95,10.57,70.44
"2026-03-25 23:54:29",1095233,10.69,71.0,10.63,70.47
"2026-03-25 23:54:30",1095234,10.65,70.93,10.6,70.47
"2026-03-25 23:54:31",1095235,10.64,70.96,10.63,70.48
"2026-03-25 23:54:32",1095236,10.67,70.95,10.53,70.4
"2026-03-25 23:54:33",1095237,10.63,70.9,10.66,70.47
"2026-03-25 23:54:34",1095238,10.63,70.95,10.63,70.46
"2026-03-25 23:54:35",1095239,10.69,71.0,10.61,70.46
"2026-03-25 23:54:36",1095240,10.65,70.96,10.63,70.48
"2026-03-25 23:54:37",1095241,10.66,70.98,10.58,70.52
"2026-03-25 23:54:38",1095242,10.65,71.01,10.64,70.49
"2026-03-25 23:54:39",1095243,10.66,70.97,10.58,70.55
"2026-03-25 23:54:40",1095244,10.59,70.98,10.61,70.56
"2026-03-25 23:54:41",1095245,10.6,70.98,10.55,70.51
"2026-03-25 23:54:42",1095246,10.61,70.89,10.59,70.53
"2026-03-25 23:54:43",1095247,10.68,70.97,10.57,70.55
"2026-03-25 23:54:44",1095248,10.61,71.06,10.59,70.58
"2026-03-25 23:54:45",1095249,10.62,71.02,10.57,70.6
"2026-03-25 23:54:46",1095250,10.67,70.97,10.59,70.55
"2026-03-25 23:54:47",1095251,10.62,71.08,10.63,70.55
"2026-03-25 23:54:48",1095252,10.61,71.04,10.63,70.56
"2026-03-25 23:54:49",1095253,10.6,71.07,10.55,70.57
"2026-03-25 23:54:50",1095254,10.56,71.21,10.55,70.6
"2026-03-25 23:54:51",1095255,10.61,71.13,10.56,70.61
"2026-03-25 23:54:52",1095256,10.65,71.13,10.6,70.7
"2026-03-25 23:54:53",1095257,10.61,71.16,10.57,70.72
"2026-03-25 23:54:54",1095258,10.59,71.13,10.61,70.7
"2026-03-25 23:54:55",1095259,10.69,71.15,10.53,70.68
"2026-03-25 23:54:56",1095260,10.6,71.15,10.6,70.67
"2026-03-25 23:54:57",1095261,10.61,71.24,10.55,70.71
"2026-03-25 23:54:58",1095262,10.67,71.18,10.53,70.7
"2026-03-25 23:54:59",1095263,10.61,71.23,10.51,70.74
"2026-03-25 23:55:00",1095264,10.59,71.27,10.54,70.78
"2026-03-25 23:55:01",1095265,10.64,71.28,10.55,70.83
"2026-03-25 23:55:02",1095266,10.57,71.28,10.58,70.83
"2026-03-25 23:55:03",1095267,10.58,71.3,10.58,70.8
"2026-03-25 23:55:04",1095268,10.57,71.3,10.53,70.83
"2026-03-25 23:55:05",1095269,10.56,71.35,10.58,70.79
"2026-03-25 23:55:06",1095270,10.58,71.33,10.55,70.83
"2026-03-25 23:55:07",1095271,10.64,71.32,10.57,70.89
"2026-03-25 23:55:08",1095272,10.57,71.38,10.55,70.91
"2026-03-25 23:55:09",1095273,10.6,71.4,10.55,70.84
"2026-03-25 23:55:10",1095274,10.62,71.32,10.59,70.9
"2026-03-25 23:55:11",1095275,10.57,71.41,10.65,70.88
"2026-03-25 23:55:12",1095276,10.57,71.39,10.55,70.85
"2026-03-25 23:55:13",1095277,10.54,71.41,10.59,70.86
"2026-03-25 23:55:14",1095278,10.62,71.36,10.51,70.9
"2026-03-25 23:55:15",1095279,10.59,71.42,10.55,70.9
"2026-03-25 23:55:16",1095280,10.62,71.42,10.57,70.9
"2026-03-25 23:55:17",1095281,10.59,71.48,10.58,70.95
"2026-03-25 23:55:18",1095282,10.53,71.47,10.51,70.92
"2026-03-25 23:55:19",1095283,10.61,71.49,10.53,70.94
"2026-03-25 23:55:20",1095284,10.56,71.48,10.53,70.97
"2026-03-25 23:55:21",1095285,10.57,71.52,10.5,71.03
"2026-03-25 23:55:22",1095286,10.55,71.43,10.55,70.97
"2026-03-25 23:55:23",1095287,10.61,71.55,10.55,71.04
"2026-03-25 23:55:24",1095288,10.59,71.59,10.55,71.03
"2026-03-25 23:55:25",1095289,10.57,71.62,10.51,71.1
"2026-03-25 23:55:26",1095290,10.57,71.55,10.51,71.0
"2026-03-25 23:55:27",1095291,10.58,71.56,10.56,71.12
"2026-03-25 23:55:28",1095292,10.58,71.67,10.59,71.08
"2026-03-25 23:55:29",1095293,10.59,71.61,10.47,71.14
"2026-03-25 23:55:30",1095294,10.56,71.61,10.51,71.12
"2026-03-25 23:55:31",1095295,10.55,71.68,10.57,71.13
"2026-03-25 23:55:32",1095296,10.58,71.71,10.58,71.18
"2026-03-25 23:55:33",1095297,10.62,71.65,10.54,71.16
"2026-03-25 23:55:34",1095298,10.61,71.7,10.5,71.11
"2026-03-25 23:55:35",1095299,10.65,71.72,10.56,71.15
"2026-03-25 23:55:36",1095300,10.55,71.69,10.52,71.17
"2026-03-25 23:55:37",1095301,10.58,71.73,10.53,71.15
"2026-03-25 23:55:38",1095302,10.57,71.66,10.53,71.1
"2026-03-25 23:55:39",1095303,10.56,71.74,10.56,71.17
"2026-03-25 23:55:40",1095304,10.6,71.73,10.53,71.15
"2026-03-25 23:55:41",1095305,10.58,71.73,10.59,71.21
"2026-03-25 23:55:42",1095306,10.53,71.75,10.53,71.19
"2026-03-25 23:55:43",1095307,10.57,71.73,10.57,71.21
"2026-03-25 23:55:44",1095308,10.55,71.77,10.5,71.19
"2026-03-25 23:55:45",1095309,10.59,71.77,10.52,71.2
"2026-03-25 23:55:46",1095310,10.66,71.84,10.59,71.24
"2026-03-25 23:55:47",1095311,10.57,71.8,10.57,71.26
"2026-03-25 23:55:48",1095312,10.65,71.83,10.53,71.26
"2026-03-25 23:55:49",1095313,10.56,71.89,10.52,71.24
"2026-03-25 23:55:50",1095314,10.57,71.86,10.51,71.2
"2026-03-25 23:55:51",1095315,10.65,71.87,10.56,71.29
"2026-03-25 23:55:52",1095316,10.56,71.85,10.53,71.3
"2026-03-25 23:55:53",1095317,10.59,71.9,10.53,71.3
"2026-03-25 23:55:54",1095318,10.58,71.97,10.5,71.26
"2026-03-25 23:55:55",1095319,10.58,71.98,10.53,71.37
"2026-03-25 23:55:56",1095320,10.6,71.99,10.53,71.32
"2026-03-25 23:55:57",1095321,10.62,71.98,10.55,71.38
"2026-03-25 23:55:58",1095322,10.54,71.99,10.56,71.41
"2026-03-25 23:55:59",1095323,10.59,71.99,10.49,71.43
"2026-03-25 23:56:00",1095324,10.54,72.04,10.51,71.39
"2026-03-25 23:56:01",1095325,10.54,72.02,10.48,71.35
"2026-03-25 23:56:02",1095326,10.55,72.06,10.55,71.44
"2026-03-25 23:56:03",1095327,10.59,72.13,10.47,71.41
"2026-03-25 23:56:04",1095328,10.58,72.04,10.55,71.42
"2026-03-25 23:56:05",1095329,10.58,72.05,10.54,71.43
"2026-03-25 23:56:06",1095330,10.53,72.01,10.58,71.41
"2026-03-25 23:56:07",1095331,10.57,72.05,10.48,71.41
"2026-03-25 23:56:08",1095332,10.55,72.02,10.51,71.37
"2026-03-25 23:56:09",1095333,10.55,72.03,10.49,71.42
"2026-03-25 23:56:10",1095334,10.59,72.07,10.52,71.4
"2026-03-25 23:56:11",1095335,10.56,72.09,10.51,71.45
"2026-03-25 23:56:12",1095336,10.55,72.08,10.51,71.48
"2026-03-25 23:56:13",1095337,10.54,72.1,10.49,71.46
"2026-03-25 23:56:14",1095338,10.55,72.13,10.54,71.47
"2026-03-25 23:56:15",1095339,10.54,72.15,10.52,71.44
"2026-03-25 23:56:16",1095340,10.52,72.08,10.49,71.44
"2026-03-25 23:56:17",1095341,10.54,72.08,10.56,71.4
"2026-03-25 23:56:18",1095342,10.55,72.03,10.51,71.41
"2026-03-25 23:56:19",1095343,10.53,72.11,10.51,71.42
"2026-03-25 23:56:20",1095344,10.65,72.1,10.47,71.48
"2026-03-25 23:56:21",1095345,10.55,72.05,10.45,71.46
"2026-03-25 23:56:22",1095346,10.52,72.08,10.52,71.45
"2026-03-25 23:56:23",1095347,10.55,72.07,10.49,71.41
"2026-03-25 23:56:24",1095348,10.53,72.08,10.51,71.42
"2026-03-25 23:56:25",1095349,10.57,72.07,10.46,71.43
"2026-03-25 23:56:26",1095350,10.55,72.15,10.53,71.48
"2026-03-25 23:56:27",1095351,10.58,72.14,10.55,71.49
"2026-03-25 23:56:28",1095352,10.56,72.1,10.42,71.4
"2026-03-25 23:56:29",1095353,10.58,72.06,10.48,71.48
"2026-03-25 23:56:30",1095354,10.59,72.04,10.49,71.45
"2026-03-25 23:56:31",1095355,10.56,72.07,10.49,71.49
"2026-03-25 23:56:32",1095356,10.5,72.08,10.48,71.38
"2026-03-25 23:56:33",1095357,10.54,72.04,10.48,71.46
"2026-03-25 23:56:34",1095358,10.53,72.04,10.5,71.43
"2026-03-25 23:56:35",1095359,10.56,72.09,10.52,71.43
"2026-03-25 23:56:36",1095360,10.57,72.06,10.53,71.42
"2026-03-25 23:56:37",1095361,10.55,72.05,10.5,71.45
"2026-03-25 23:56:38",1095362,10.55,72.04,10.5,71.43
"2026-03-25 23:56:39",1095363,10.54,72.07,10.48,71.46
"2026-03-25 23:56:40",1095364,10.52,72.03,10.5,71.44
"2026-03-25 23:56:41",1095365,10.54,72.04,10.51,71.4
"2026-03-25 23:56:42",1095366,10.53,72.03,10.57,71.42
"2026-03-25 23:56:43",1095367,10.54,72.07,10.51,71.49
"2026-03-25 23:56:44",1095368,10.54,72.07,10.44,71.48
"2026-03-25 23:56:45",1095369,10.55,72.05,10.5,71.47
"2026-03-25 23:56:46",1095370,10.57,72.03,10.45,71.44
"2026-03-25 23:56:47",1095371,10.57,72.08,10.45,71.44
"2026-03-25 23:56:48",1095372,10.55,72.11,10.46,71.43
"2026-03-25 23:56:49",1095373,10.54,72.11,10.49,71.52
"2026-03-25 23:56:50",1095374,10.51,72.12,10.5,71.55
"2026-03-25 23:56:51",1095375,10.48,72.07,10.47,71.56
"2026-03-25 23:56:52",1095376,10.55,72.19,10.48,71.53
"2026-03-25 23:56:53",1095377,10.51,72.13,10.44,71.52
"2026-03-25 23:56:54",1095378,10.51,72.24,10.46,71.5
"2026-03-25 23:56:55",1095379,10.53,72.14,10.43,71.55
"2026-03-25 23:56:56",1095380,10.56,72.15,10.5,71.5
"2026-03-25 23:56:57",1095381,10.5,72.18,10.52,71.53
"2026-03-25 23:56:58",1095382,10.52,72.08,10.51,71.53
"2026-03-25 23:56:59",1095383,10.51,72.1,10.47,71.54
"2026-03-25 23:57:00",1095384,10.56,72.12,10.49,71.56
"2026-03-25 23:57:01",1095385,10.57,72.15,10.46,71.53
"2026-03-25 23:57:02",1095386,10.54,72.18,10.47,71.55
"2026-03-25 23:57:03",1095387,10.49,72.07,10.46,71.5
"2026-03-25 23:57:04",1095388,10.55,72.13,10.49,71.54
"2026-03-25 23:57:05",1095389,10.51,72.09,10.51,71.52
"2026-03-25 23:57:06",1095390,10.51,72.09,10.49,71.54
"2026-03-25 23:57:07",1095391,10.55,72.07,10.44,71.48
"2026-03-25 23:57:08",1095392,10.54,72.12,10.48,71.56
"2026-03-25 23:57:09",1095393,10.54,72.18,10.43,71.54
"2026-03-25 23:57:10",1095394,10.52,72.14,10.46,71.54
"2026-03-25 23:57:11",1095395,10.52,72.06,10.45,71.56
"2026-03-25 23:57:12",1095396,10.53,72.14,10.5,71.56
"2026-03-25 23:57:13",1095397,10.49,72.14,10.46,71.57
"2026-03-25 23:57:14",1095398,10.51,72.15,10.48,71.48
"2026-03-25 23:57:15",1095399,10.53,72.11,10.43,71.42
"2026-03-25 23:57:16",1095400,10.5,72.18,10.52,71.51
"2026-03-25 23:57:17",1095401,10.48,72.18,10.48,71.53
"2026-03-25 23:57:18",1095402,10.57,72.16,10.47,71.52
"2026-03-25 23:57:19",1095403,10.5,72.14,10.46,71.57
"2026-03-25 23:57:20",1095404,10.54,72.21,10.5,71.61
"2026-03-25 23:57:21",1095405,10.54,72.18,10.5,71.58
"2026-03-25 23:57:22",1095406,10.53,72.12,10.48,71.59
"2026-03-25 23:57:23",1095407,10.51,72.17,10.47,71.62
"2026-03-25 23:57:24",1095408,10.52,72.24,10.46,71.55
"2026-03-25 23:57:25",1095409,10.54,72.22,10.5,71.5
"2026-03-25 23:57:26",1095410,10.53,72.25,10.45,71.54
"2026-03-25 23:57:27",1095411,10.49,72.13,10.5,71.56
"2026-03-25 23:57:28",1095412,10.52,72.28,10.49,71.56
"2026-03-25 23:57:29",1095413,10.5,72.13,10.48,71.5
"2026-03-25 23:57:30",1095414,10.51,72.14,10.5,71.57
"2026-03-25 23:57:31",1095415,10.52,72.13,10.48,71.55
"2026-03-25 23:57:32",1095416,10.55,72.18,10.46,71.52
"2026-03-25 23:57:33",1095417,10.54,72.14,10.41,71.52
"2026-03-25 23:57:34",1095418,10.52,72.18,10.47,71.57
"2026-03-25 23:57:35",1095419,10.57,72.16,10.46,71.6
"2026-03-25 23:57:36",1095420,10.53,72.16,10.48,71.57
"2026-03-25 23:57:37",1095421,10.52,72.11,10.49,71.59
"2026-03-25 23:57:38",1095422,10.5,72.12,10.48,71.52
"2026-03-25 23:57:39",1095423,10.5,72.18,10.46,71.57
"2026-03-25 23:57:40",1095424,10.56,72.12,10.44,71.51
"2026-03-25 23:57:41",1095425,10.54,72.17,10.46,71.54
"2026-03-25 23:57:42",1095426,10.54,72.12,10.41,71.5
"2026-03-25 23:57:43",1095427,10.56,72.12,10.47,71.54
"2026-03-25 23:57:44",1095428,10.55,72.16,10.46,71.49
"2026-03-25 23:57:45",1095429,10.53,72.09,10.49,71.52
"2026-03-25 23:57:46",1095430,10.53,72.1,10.47,71.49
"2026-03-25 23:57:47",1095431,10.52,72.05,10.46,71.55
"2026-03-25 23:57:48",1095432,10.57,72.09,10.43,71.52
"2026-03-25 23:57:49",1095433,10.54,72.07,10.49,71.54
"2026-03-25 23:57:50",1095434,10.52,72.05,10.48,71.49
"2026-03-25 23:57:51",1095435,10.52,72.06,10.43,71.53
"2026-03-25 23:57:52",1095436,10.55,72.07,10.43,71.48
"2026-03-25 23:57:53",1095437,10.52,72.08,10.45,71.49
"2026-03-25 23:57:54",1095438,10.54,72.02,10.47,71.44
"2026-03-25 23:57:55",1095439,10.55,72.03,10.47,71.43
"2026-03-25 23:57:56",1095440,10.55,72.03,10.49,71.49
"2026-03-25 23:57:57",1095441,10.56,72.02,10.48,71.49
"2026-03-25 23:57:58",1095442,10.55,72.02,10.49,71.43
"2026-03-25 23:57:59",1095443,10.53,71.94,10.51,71.49
"2026-03-25 23:58:00",1095444,10.51,71.94,10.48,71.41
"2026-03-25 23:58:01",1095445,10.53,71.98,10.52,71.45
"2026-03-25 23:58:02",1095446,10.54,71.91,10.47,71.43
"2026-03-25 23:58:03",1095447,10.52,71.88,10.43,71.41
"2026-03-25 23:58:04",1095448,10.57,71.86,10.44,71.39
"2026-03-25 23:58:05",1095449,10.57,71.91,10.47,71.34
"2026-03-25 23:58:06",1095450,10.54,71.82,10.45,71.33
"2026-03-25 23:58:07",1095451,10.54,71.84,10.43,71.35
"2026-03-25 23:58:08",1095452,10.55,71.86,10.5,71.38
"2026-03-25 23:58:09",1095453,10.54,71.79,10.45,71.32
"2026-03-25 23:58:10",1095454,10.49,71.83,10.48,71.35
"2026-03-25 23:58:11",1095455,10.49,71.84,10.44,71.36
"2026-03-25 23:58:12",1095456,10.53,71.82,10.47,71.32
"2026-03-25 23:58:13",1095457,10.55,71.84,10.49,71.34
"2026-03-25 23:58:14",1095458,10.53,71.77,10.5,71.33
"2026-03-25 23:58:15",1095459,10.54,71.83,10.48,71.36
"2026-03-25 23:58:16",1095460,10.51,71.8,10.47,71.31
"2026-03-25 23:58:17",1095461,10.52,71.81,10.46,71.32
"2026-03-25 23:58:18",1095462,10.53,71.74,10.41,71.3
"2026-03-25 23:58:19",1095463,10.53,71.78,10.49,71.3
"2026-03-25 23:58:20",1095464,10.52,71.8,10.45,71.33
"2026-03-25 23:58:21",1095465,10.53,71.81,10.48,71.36
"2026-03-25 23:58:22",1095466,10.53,71.84,10.49,71.38
"2026-03-25 23:58:23",1095467,10.5,71.89,10.46,71.43
"2026-03-25 23:58:24",1095468,10.5,71.88,10.51,71.37
"2026-03-25 23:58:25",1095469,10.52,71.91,10.49,71.39
"2026-03-25 23:58:26",1095470,10.49,71.81,10.47,71.33
"2026-03-25 23:58:27",1095471,10.5,71.83,10.46,71.33
"2026-03-25 23:58:28",1095472,10.44,71.83,10.47,71.39
"2026-03-25 23:58:29",1095473,10.48,71.84,10.44,71.36
"2026-03-25 23:58:30",1095474,10.53,71.86,10.47,71.4
"2026-03-25 23:58:31",1095475,10.53,71.78,10.48,71.37
"2026-03-25 23:58:32",1095476,10.52,71.86,10.43,71.41
"2026-03-25 23:58:33",1095477,10.55,71.83,10.49,71.41
"2026-03-25 23:58:34",1095478,10.49,71.81,10.45,71.4
"2026-03-25 23:58:35",1095479,10.47,71.86,10.46,71.37
"2026-03-25 23:58:36",1095480,10.49,71.79,10.46,71.36
"2026-03-25 23:58:37",1095481,10.53,71.93,10.49,71.35
"2026-03-25 23:58:38",1095482,10.56,71.87,10.5,71.36
"2026-03-25 23:58:39",1095483,10.54,71.94,10.49,71.34
"2026-03-25 23:58:40",1095484,10.5,71.86,10.49,71.35
"2026-03-25 23:58:41",1095485,10.55,71.9,10.5,71.39
"2026-03-25 23:58:42",1095486,10.53,71.89,10.47,71.35
"2026-03-25 23:58:43",1095487,10.53,71.86,10.46,71.4
"2026-03-25 23:58:44",1095488,10.54,71.83,10.46,71.43
"2026-03-25 23:58:45",1095489,10.59,71.95,10.48,71.4
"2026-03-25 23:58:46",1095490,10.55,71.98,10.5,71.46
"2026-03-25 23:58:47",1095491,10.58,71.94,10.51,71.46
"2026-03-25 23:58:48",1095492,10.5,71.91,10.51,71.48
"2026-03-25 23:58:49",1095493,10.55,72.01,10.47,71.42
"2026-03-25 23:58:50",1095494,10.48,72.01,10.48,71.43
"2026-03-25 23:58:51",1095495,10.53,71.97,10.46,71.42
"2026-03-25 23:58:52",1095496,10.5,71.94,10.46,71.43
"2026-03-25 23:58:53",1095497,10.55,72.02,10.47,71.42
"2026-03-25 23:58:54",1095498,10.56,72.03,10.51,71.39
"2026-03-25 23:58:55",1095499,10.53,72.01,10.46,71.36
"2026-03-25 23:58:56",1095500,10.49,71.97,10.5,71.41
"2026-03-25 23:58:57",1095501,10.59,71.93,10.49,71.35
"2026-03-25 23:58:58",1095502,10.57,72.01,10.52,71.4
"2026-03-25 23:58:59",1095503,10.55,72.02,10.47,71.4
"2026-03-25 23:59:00",1095504,10.57,72.02,10.5,71.48
"2026-03-25 23:59:01",1095505,10.56,72.06,10.49,71.46
"2026-03-25 23:59:02",1095506,10.57,72.09,10.49,71.44
"2026-03-25 23:59:03",1095507,10.55,72.02,10.46,71.38
"2026-03-25 23:59:04",1095508,10.53,72.03,10.51,71.41
"2026-03-25 23:59:05",1095509,10.63,71.98,10.49,71.33
"2026-03-25 23:59:06",1095510,10.56,71.96,10.5,71.32
"2026-03-25 23:59:07",1095511,10.56,71.91,10.47,71.25
"2026-03-25 23:59:08",1095512,10.55,71.91,10.52,71.32
"2026-03-25 23:59:09",1095513,10.55,71.89,10.5,71.28
"2026-03-25 23:59:10",1095514,10.58,71.9,10.53,71.24
"2026-03-25 23:59:11",1095515,10.58,71.87,10.46,71.27
"2026-03-25 23:59:12",1095516,10.56,71.8,10.55,71.22
"2026-03-25 23:59:13",1095517,10.54,71.88,10.48,71.23
"2026-03-25 23:59:14",1095518,10.54,71.71,10.48,71.14
"2026-03-25 23:59:15",1095519,10.53,71.74,10.47,71.16
"2026-03-25 23:59:16",1095520,10.52,71.72,10.48,71.16
"2026-03-25 23:59:17",1095521,10.55,71.67,10.55,71.06
"2026-03-25 23:59:18",1095522,10.57,71.65,10.48,71.09
"2026-03-25 23:59:19",1095523,10.53,71.61,10.49,71.06
"2026-03-25 23:59:20",1095524,10.5,71.56,10.46,71.0
"2026-03-25 23:59:21",1095525,10.54,71.51,10.43,70.94
"2026-03-25 23:59:22",1095526,10.5,71.48,10.48,70.88
"2026-03-25 23:59:23",1095527,10.5,71.37,10.53,70.89
"2026-03-25 23:59:24",1095528,10.52,71.37,10.45,70.83
"2026-03-25 23:59:25",1095529,10.52,71.34,10.44,70.83
"2026-03-25 23:59:26",1095530,10.57,71.37,10.49,70.83
"2026-03-25 23:59:27",1095531,10.5,71.27,10.48,70.86
"2026-03-25 23:59:28",1095532,10.5,71.3,10.44,70.8
"2026-03-25 23:59:29",1095533,10.55,71.31,10.46,70.75
"2026-03-25 23:59:30",1095534,10.52,71.27,10.46,70.74
"2026-03-25 23:59:31",1095535,10.52,71.21,10.46,70.68
"2026-03-25 23:59:32",1095536,10.52,71.24,10.48,70.71
"2026-03-25 23:59:33",1095537,10.55,71.23,10.46,70.68
"2026-03-25 23:59:34",1095538,10.51,71.25,10.43,70.68
"2026-03-25 23:59:35",1095539,10.53,71.3,10.44,70.68
"2026-03-25 23:59:36",1095540,10.49,71.22,10.4,70.65
"2026-03-25 23:59:37",1095541,10.54,71.19,10.44,70.66
"2026-03-25 23:59:38",1095542,10.53,71.13,10.45,70.64
"2026-03-25 23:59:39",1095543,10.51,71.14,10.47,70.62
"2026-03-25 23:59:40",1095544,10.49,71.11,10.41,70.64
"2026-03-25 23:59:41",1095545,10.53,71.11,10.49,70.57
"2026-03-25 23:59:42",1095546,10.55,71.07,10.42,70.48
"2026-03-25 23:59:43",1095547,10.52,71.05,10.46,70.56
"2026-03-25 23:59:44",1095548,10.51,71.03,10.48,70.53
"2026-03-25 23:59:45",1095549,10.52,71.01,10.43,70.51
"2026-03-25 23:59:46",1095550,10.51,70.98,10.43,70.46
"2026-03-25 23:59:47",1095551,10.48,70.94,10.44,70.49
"2026-03-25 23:59:48",1095552,10.5,70.91,10.42,70.5
"2026-03-25 23:59:49",1095553,10.49,70.93,10.46,70.52
"2026-03-25 23:59:50",1095554,10.51,70.97,10.43,70.57
"2026-03-25 23:59:51",1095555,10.51,70.91,10.41,70.56
"2026-03-25 23:59:52",1095556,10.42,70.88,10.35,70.47
"2026-03-25 23:59:53",1095557,10.53,70.9,10.4,70.46
"2026-03-25 23:59:54",1095558,10.46,70.95,10.46,70.43
"2026-03-25 23:59:55",1095559,10.46,70.88,10.44,70.46
"2026-03-25 23:59:56",1095560,10.5,70.91,10.41,70.47
"2026-03-25 23:59:57",1095561,10.49,70.88,10.42,70.46
"2026-03-25 23:59:58",1095562,10.53,70.89,10.47,70.48
"2026-03-25 23:59:59",1095563,10.49,70.87,10.42,70.42
"2026-03-26 00:00:00",1095564,10.53,70.87,10.4,70.44
